page	rotation
02_001r	0
02_001v	0
02_002r	0
02_002v	0
02_003r	0
02_003v	0
02_004r	0
02_004v	0
02_005r	0
02_005v	0
02_006r	0
02_006v	0
02_007r	0
02_007v	0
02_008r	0
02_008v	0
02_009r	0
02_009v	0
02_010r	0
02_010v	0
02_011r	0
02_011v	0
02_012r	0
02_012v	0
02_013r	0
02_013v	0
02_014r	0
02_014v	0
02_015r	0
02_015v	0
02_016r	0
02_016v	0
02_017r	0
02_017v	0
02_018r	0
02_018v	0
02_019r	0
02_019v	0
02_020r	0
02_020v	0
02_021r	0
02_021v	0
02_022r	0
02_022v	0
02_023r	0
02_023v	0
02_024r	0
02_024v	0
02_025r	0
02_025v	0
02_026r	0
02_026v	0
02_027r	0
02_027v	0
02_028r	0
02_028v	0
02_029r	0
02_029v	0
02_030r	0
02_030v	0
02_031r	0
02_031v	0
02_032r	0
02_032v	0
02_033r	0
02_033v	0
02_034r	0
02_034v	0
02_035r	0
02_035v	0
02_036r	0
02_036v	0
02_037r	0
02_037v	0
02_038r	0
02_038v	0
02_039r	0
02_039v	270
02_040r	0
02_040v	0
02_041r	0
02_041v	0
02_042r	0
02_042v	0
02_043r	0
02_043v	0
02_044r	0
02_044v	0
02_045r	0
02_045v	0
02_046r	0
02_046v	270
02_047r	0
02_047v	0
02_048r	0
02_048v	0
02_049r	0
02_049v	0
02_050r	0
02_050v	0
02_051r	0
02_051v	0
02_052r	0
02_052v	0
02_053r	0
02_053v	0
02_054r	0
02_054v	0
02_055r	0
02_055v	0
02_056r	0
02_056v	0
02_057r	0
02_057v	0
02_058r	0
02_058v	270
02_059r	0
02_059v	0
02_060r	0
02_060v	0
02_061r	0
02_061v	0
02_062r	0
02_062v	0
02_063r	0
02_063v	0
02_064r	0
02_064v	0
02_065r	0
02_065v	0
02_066r	0
02_066v	0
02_067r	0
02_067v	0
02_068r	0
02_068v	0
02_069r	0
02_069v	0
02_070r	0
02_070v	0
02_071r	0
02_071v	0
02_072r	0
02_072v	0
02_073r	0
02_073v	0
02_074r	0
02_074v	0
02_075r	0
02_075v	0
02_076r	0
02_076v	0
02_077r	0
02_077v	0
02_078r	0
02_078v	0
02_079r	0
02_079v	0
02_080r	0
02_080v	0
02_081r	0
02_081v	0
02_082r	0
02_082v	0
02_083r	0
02_083v	0
02_084r	0
02_084v	0
02_085r	0
02_085v	0
02_086r	0
02_086v	0
02_087r	0
02_087v	0
02_088r	0
02_088v	0
02_089r	0
02_089v	0
02_090r	0
02_090v	0
02_091r	0
02_091v	0
02_092r	0
02_092v	0
02_093r	0
02_093v	0
02_094r	0
02_094v	0
02_095r	0
02_095v	0
02_096r	0
02_096v	270
02_097r	0
02_097v	0
02_098r	0
02_098v	0
02_099r	0
02_099v	0
02_100r	0
02_100v	0
02_101r	0
02_101v	0
02_102r	0
02_102v	0
02_103r	0
02_103v	0
02_104r	0
02_104v	0
02_105r	0
02_105v	0
02_106r	0
02_106v	0
02_107r	0
02_107v	0
02_108r	0
02_108v	0
02_109r	0
02_109v	0
02_110r	0
02_110v	0
02_111r	0
02_111v	0
02_112r	0
02_112v	0
02_113r	0
02_113v	270
02_114r	0
02_114v	0
02_115r	0
02_115v	0
02_116r	0
02_116v	0
02_117r	0
02_117v	0
02_118r	0
02_118v	0
02_119r	0
02_119v	0
02_120r	0
02_120v	270
02_121r	0
02_121v	0
02_122r	0
02_122v	0
02_123r	0
02_123v	0
02_124r	0
02_124v	0
02_125r	0
02_125v	0
02_126r	0
02_126v	0
02_127r	0
02_127v	0
02_128r	0
02_128v	0
02_129r	0
02_129v	0
02_130r	0
02_130v	0
02_131r	0
02_131v	0
02_132r	0
02_132v	0
02_133r	0
02_133v	0
02_134r	0
02_134v	0
02_135r	0
02_135v	0
02_136r	0
02_136v	0
02_137r	0
02_137v	0
02_138r	0
02_138v	0
02_139r	0
02_139v	0
02_140r	0
02_140v	0
02_141r	0
02_141v	0
02_142r	0
02_142v	0
02_143r	0
02_143v	0
02_144r	0
02_144v	0
02_145r	0
02_145v	0
02_146r	0
02_146v	0
02_147r	0
02_147v	0
02_148r	0
02_148v	0
02_149r	0
02_149v	0
02_150r	0
02_150v	0
02_151r	0
02_151v	0
02_152r	0
02_152v	0
02_153r	0
02_153v	0
02_154r	0
02_154v	0
02_155r	0
02_155v	0
02_156r	0
02_156v	0
02_157r	0
02_157v	0
02_158r	0
02_158v	0
02_159r	0
02_159v	270
02_160r	0
02_160v	0
02_161r	0
02_161v	0
02_162r	0
02_162v	270
02_163r	0
02_163v	0
02_164r	0
02_164v	0
02_165r	0
02_165v	0
02_166r	0
02_166v	0
02_167r	0
02_167v	0
02_168r	0
02_168v	0
02_169r	0
02_169v	0
02_170r	0
02_170v	0
02_171r	0
02_171v	0
02_172r	0
02_172v	0
02_173r	0
02_173v	0
02_174r	0
02_174v	0
02_175r	0
02_175v	0
02_176r	0
02_176v	0
02_177r	0
02_177v	0
02_178r	0
02_178v	0
02_179r	0
02_179v	0
02_180r	0
02_180v	0
02_181r	0
02_181v	0
02_182r	0
02_182v	0
02_183r	0
02_183v	0
02_184r	0
02_184v	0
02_185r	0
02_185v	0
02_186r	0
02_186v	0
02_187r	0
02_187v	0
02_188r	0
02_188v	0
02_189r	0
02_189v	0
02_190r	0
02_190v	270
02_191r	0
02_191v	0
02_192r	0
02_192v	0
02_193r	0
02_193v	0
02_194r	0
02_194v	270
02_195r	0
02_195v	0
02_196r	0
02_196v	270
02_197r	0
02_197v	0
02_198r	0
02_198v	0
02_199r	0
02_199v	0
02_200r	0
02_200v	0
02_201r	0
02_201v	0
03_001r	0
03_001v	0
03_002r	0
03_002v	0
03_003r	0
03_003v	0
03_004r	0
03_004v	90
03_005r	0
03_005v	0
03_006r	0
03_006v	0
03_007r	0
03_007v	0
03_008r	0
03_008v	0
03_009r	0
03_009v	0
03_010r	0
03_010v	0
03_011r	0
03_011v	0
03_012r	0
03_012v	270
03_013r	0
03_013v	270
03_014r	0
03_014v	0
03_015r	0
03_015v	0
03_016r	0
03_016v	0
03_017r	0
03_017v	270
03_018r	0
03_018v	0
03_019r	0
03_019v	270
03_020r	0
03_020v	0
03_021r	0
03_021v	0
03_022r	0
03_022v	0
03_023r	0
03_023v	0
03_024r	0
03_024v	0
03_025r	0
03_025v	270
03_026r	0
03_026v	270
03_027r	0
03_027v	0
03_028r	0
03_028v	0
03_029r	0
03_029v	0
03_030r	0
03_030v	0
03_031r	0
03_031v	0
03_032r	0
03_032v	0
03_033r	0
03_033v	0
03_034r	0
03_034v	0
03_035r	0
03_035v	0
03_036r	0
03_036v	0
03_037r	0
03_037v	0
03_038r	0
03_038v	0
03_039r	0
03_039v	0
03_040r	0
03_040v	270
03_041r	0
03_041v	270
03_042r	0
03_042v	270
03_043r	0
03_043v	0
03_044r	0
03_044v	0
03_045r	0
03_045v	0
03_046r	0
03_046v	270
03_047r	0
03_047v	0
03_048r	0
03_048v	270
03_049r	0
03_049v	0
03_050r	0
03_050v	270
03_051r	0
03_051v	0
03_052r	0
03_052v	0
03_053r	0
03_053v	0
03_054r	0
03_054v	0
03_055r	0
03_055v	0
03_056r	0
03_056v	0
03_057r	0
03_057v	0
03_058r	0
03_058v	0
03_059r	0
03_059v	0
03_060r	0
03_060v	0
03_061r	0
03_061v	0
03_062r	0
03_062v	0
03_063r	0
03_063v	0
03_064r	0
03_064v	0
03_065r	0
03_065v	0
03_066r	0
03_066v	0
03_067r	0
03_067v	0
03_068r	0
03_068v	0
03_069r	0
03_069v	0
03_070r	0
03_070v	0
03_071r	0
03_071v	0
03_072r	0
03_072v	270
03_073r	0
03_073v	0
03_074r	0
03_074v	0
03_075r	0
03_075v	0
03_076r	0
03_076v	0
03_077r	0
03_077v	0
03_078r	0
03_078v	0
03_079r	0
03_079v	0
03_080r	0
03_080v	0
03_081r	0
03_081v	0
03_082r	0
03_082v	0
03_083r	0
03_083v	0
03_084r	0
03_084v	0
03_085r	0
03_085v	0
03_086r	0
03_086v	0
03_087r	0
03_087v	0
03_088r	0
03_088v	0
03_089r	0
03_089v	0
03_090r	0
03_090v	270
03_091r	0
03_091v	0
03_092r	0
03_092v	0
03_093r	0
03_093v	0
03_094r	0
03_094v	0
03_095r	0
03_095v	0
03_096r	0
03_096v	0
03_097r	0
03_097v	0
03_098r	0
03_098v	0
03_099r	0
03_099v	0
03_100r	0
03_100v	0
03_101r	0
03_101v	0
03_102r	0
03_102v	270
03_103r	0
03_103v	0
03_104r	0
03_104v	0
03_105r	0
03_105v	0
03_106r	0
03_106v	0
03_107r	0
03_107v	0
03_108r	0
03_108v	0
03_109r	0
03_109v	0
03_110r	0
03_110v	0
03_111r	0
03_111v	90
03_112r	90
03_112v	0
03_113r	180
03_113v	180
03_114r	180
03_114v	180
03_115r	180
03_115v	180
03_116r	0
03_116v	0
03_117r	0
03_117v	0
03_118r	0
03_118v	0
03_119r	0
03_119v	270
03_120r	0
03_120v	0
03_121r	0
03_121v	270
03_122r	0
03_122v	0
03_123r	0
03_123v	0
03_124r	0
03_124v	0
03_125r	0
03_125v	0
03_126r	0
03_126v	0
03_127r	0
03_127v	0
03_128r	0
03_128v	0
03_129r	0
03_129v	0
03_130r	0
03_130v	270
03_131r	0
03_131v	0
03_132r	0
03_132v	0
03_133r	0
03_133v	0
03_134r	0
03_134v	0
03_135r	0
03_135v	0
03_136r	0
03_136v	0
03_137r	0
03_137v	0
03_138r	0
03_138v	270
03_139r	0
03_139v	0
03_140r	0
03_140v	0
03_141r	0
03_141v	0
03_142r	0
03_142v	0
03_143r	0
03_143v	0
03_144r	0
03_144v	0
03_145r	0
03_145v	0
03_146r	0
03_146v	270
03_147r	0
03_147v	0
03_148r	0
03_148v	0
03_149r	0
03_149v	0
03_150r	0
03_150v	270
03_151r	0
03_151v	0
03_152r	0
03_152v	0
03_153r	0
03_153v	0
03_154r	0
03_154v	270
03_155r	0
03_155v	0
03_156r	0
03_156v	0
03_157r	0
03_157v	0
03_158r	0
03_158v	0
03_159r	0
03_159v	0
03_160r	0
03_160v	0
03_161r	0
03_161v	0
03_162r	0
03_162v	0
03_163r	0
03_163v	0
03_164r	0
03_164v	0
03_165r	0
03_165v	0
03_166r	0
03_166v	270
03_167r	0
03_167v	0
03_168r	0
03_168v	90
03_169r	0
03_169v	270
03_170r	0
03_170v	270
03_171r	0
03_171v	0
03_172r	0
03_172v	0
03_173r	0
03_173v	0
03_174r	0
03_174v	0
03_175r	0
03_175v	0
03_176r	0
03_176v	0
03_177r	0
03_177v	0
03_178r	0
03_178v	270
03_179r	0
03_179v	0
03_180r	0
03_180v	0
03_181r	0
03_181v	270
03_182r	0
03_182v	270
03_183r	0
03_183v	0
03_184r	0
03_184v	0
03_185r	0
03_185v	0
03_186r	0
03_186v	0
03_187r	0
03_187v	270
03_188r	0
03_188v	270
03_189r	0
03_189v	0
03_190r	0
03_190v	90
03_191r	0
03_191v	270
03_192r	0
03_192v	270
03_193r	0
03_193v	0
03_194r	0
03_194v	270
03_195r	0
03_195v	0
03_196r	0
03_196v	0
03_197r	0
03_197v	0
03_198r	0
03_198v	270
03_199r	0
03_199v	0
03_200r	0
03_200v	0
03_201r	0
03_201v	0
03_202r	0
03_202v	0
03_203r	0
03_203v	270
03_204r	0
03_204v	0
03_205r	0
03_205v	0
03_206r	0
03_206v	0
03_207r	0
03_207v	0
03_208r	0
03_208v	0
03_209r	0
03_209v	0
03_210r	0
03_210v	270
03_211r	0
03_211v	270
03_212r	0
03_212v	270
03_213r	0
03_213v	270
03_214r	0
03_214v	0
03_215r	0
03_215v	0
03_216r	0
03_216v	0
03_217r	0
03_217v	270
03_218r	0
03_218v	0
03_219r	0
03_219v	0
03_220r	0
03_220v	0
03_221r	0
03_221v	0
03_222r	0
03_222v	0
03_223r	0
03_223v	0
03_224r	0
03_224v	0
03_225r	0
03_225v	0
03_226r	0
03_226v	0
03_227r	0
03_227v	270
03_228r	0
03_228v	270
03_229r	0
03_229v	0
03_230r	0
03_230v	0
03_231r	0
03_231v	0
03_232r	0
03_232v	0
03_233r	0
03_233v	0
03_234r	0
03_234v	0
03_235r	0
03_235v	0
03_236r	0
03_236v	0
03_237r	0
03_237v	0
03_238r	0
03_238v	0
03_239r	0
03_239v	0
03_240r	0
03_240v	0
03_241r	0
03_241v	270
03_242r	0
03_242v	270
03_243r	0
03_243v	0
03_244r	0
03_244v	0
03_245r	0
03_245v	0
03_246r	0
03_246v	0
03_247r	0
03_247v	0
03_248r	0
03_248v	0
03_249r	0
03_249v	0
03_250r	0
03_250v	0
03_251r	0
03_251v	0
03_252r	0
03_252v	180
03_253r	0
03_253v	180
03_254r	0
03_254v	0
03_255r	0
03_255v	180
03_256r	0
03_256v	0
03_257r	0
03_257v	0
03_258r	0
03_258v	0
03_259r	0
03_259v	0
03_260r	0
03_260v	0
03_261r	0
03_261v	270
03_262r	0
03_262v	0
03_263r	0
03_263v	0
03_264r	0
03_264v	0
03_265r	0
03_265v	0
03_266r	0
03_266v	0
03_267r	0
03_267v	0
03_268r	0
03_268v	0
03_269r	0
03_269v	0
03_270r	0
03_270v	0
03_271r	0
03_271v	0
03_272r	0
03_272v	0
03_273r	0
03_273v	0
03_274r	0
03_274v	0
03_275r	0
03_275v	0
03_276r	0
03_276v	0
03_277r	0
03_277v	0
03_278r	0
03_278v	0
03_279r	0
03_279v	270
03_280r	0
03_280v	270
03_281r	0
03_281v	0
03_282r	0
03_282v	0
03_283r	0
03_283v	0
03_284r	0
03_284v	270
03_285r	0
03_285v	0
03_286r	0
03_286v	0
03_287r	0
03_287v	0
03_288r	0
03_288v	270
03_289r	0
03_289v	0
03_290r	0
03_290v	270
03_291r	0
03_291v	0
03_292r	0
03_292v	0
03_293r	0
03_293v	0
03_294r	0
03_294v	270
03_295r	0
03_295v	0
03_296r	0
03_296v	0
03_297r	0
03_297v	0
03_298r	0
03_298v	0
03_299r	0
03_299v	0
03_300r	0
03_300v	270
03_301r	0
03_301v	0
03_302r	0
03_302v	0
03_303r	0
03_303v	0
03_304r	0
03_304v	0
03_305r	0
03_305v	270
03_306r	0
03_306v	270
03_307r	0
03_307v	0
03_308r	0
03_308v	0
03_309r	0
03_309v	0
03_310r	0
03_310v	270
03_311r	0
03_311v	0
03_312r	0
03_312v	0
03_313r	0
03_313v	0
03_314r	0
03_314v	0
03_315r	0
03_315v	0
03_316r	0
03_316v	0
03_317r	0
03_317v	0
03_318r	0
03_318v	270
03_319r	0
03_319v	270
03_320r	0
03_320v	0
03_321r	0
03_321v	0
03_322r	0
03_322v	0
03_323r	0
03_323v	270
03_324r	0
03_324v	0
03_325r	0
03_325v	0
03_326r	0
03_326v	0
03_327r	0
03_327v	0
03_328r	0
03_328v	270
03_329r	0
03_329v	0
03_330r	0
03_330v	270
04_001r	0
04_001v	0
04_002r	0
04_002v	0
04_003r	0
04_003v	0
04_004r	0
04_004v	0
04_005r	0
04_005v	270
04_006r	0
04_006v	0
04_007r	0
04_007v	0
04_008r	0
04_008v	0
04_009r	0
04_009v	0
04_010r	0
04_010v	0
04_011r	0
04_011v	0
04_012r	0
04_012v	0
04_013r	0
04_013v	270
04_014r	0
04_014v	0
04_015r	0
04_015v	0
04_016r	0
04_016v	0
04_017r	0
04_017v	0
04_018r	0
04_018v	0
04_019r	0
04_019v	0
04_020r	0
04_020v	0
04_021r	0
04_021v	0
04_022r	0
04_022v	0
04_023r	0
04_023v	270
04_024r	0
04_024v	0
04_025r	0
04_025v	90
04_026r	0
04_026v	270
04_027r	0
04_027v	270
04_028r	0
04_028v	0
04_029r	0
04_029v	0
04_030r	0
04_030v	0
04_031r	0
04_031v	0
04_032r	0
04_032v	270
04_033r	0
04_033v	270
04_034r	0
04_034v	0
04_035r	0
04_035v	0
04_036r	0
04_036v	0
04_037r	0
04_037v	0
04_038r	0
04_038v	270
04_039r	0
04_039v	270
04_040r	0
04_040v	0
04_041r	0
04_041v	0
04_042r	0
04_042v	0
04_043r	0
04_043v	0
04_044r	0
04_044v	0
04_045r	0
04_045v	0
04_046r	0
04_046v	0
04_047r	0
04_047v	270
04_048r	0
04_048v	0
04_049r	0
04_049v	0
04_050r	0
04_050v	0
04_051r	0
04_051v	0
04_052r	0
04_052v	0
04_053r	0
04_053v	0
04_054r	0
04_054v	0
04_055r	0
04_055v	0
04_056r	0
04_056v	0
04_057r	0
04_057v	0
04_058r	0
04_058v	0
04_059r	0
04_059v	0
04_060r	0
04_060v	0
04_061r	0
04_061v	0
04_062r	0
04_062v	0
04_063r	0
04_063v	0
04_064r	0
04_064v	0
04_065r	0
04_065v	0
04_066r	0
04_066v	0
04_067r	0
04_067v	270
04_068r	0
04_068v	0
04_069r	0
04_069v	0
04_070r	0
04_070v	0
04_071r	0
04_071v	0
04_072r	0
04_072v	0
04_073r	0
04_073v	0
04_074r	0
04_074v	270
04_075r	0
04_075v	0
04_076r	0
04_076v	270
04_077r	0
04_077v	90
04_078r	0
04_078v	0
04_079r	0
04_079v	0
04_080r	0
04_080v	0
04_081r	0
04_081v	0
04_082r	0
04_082v	90
04_083r	0
04_083v	0
04_084r	0
04_084v	0
04_085r	0
04_085v	0
04_086r	0
04_086v	0
04_087r	0
04_087v	0
04_088r	0
04_088v	0
04_089r	0
04_089v	0
04_090r	0
04_090v	0
04_091r	0
04_091v	0
04_092r	0
04_092v	0
04_093r	0
04_093v	0
04_094r	0
04_094v	0
04_095r	0
04_095v	0
04_096r	0
04_096v	0
04_097r	0
04_097v	0
04_098r	0
04_098v	270
04_099r	0
04_099v	0
04_100r	0
04_100v	0
04_101r	0
04_101v	0
04_102r	0
04_102v	0
04_103r	0
04_103v	0
04_104r	0
04_104v	0
04_105r	0
04_105v	0
04_106r	0
04_106v	0
04_107r	0
04_107v	0
04_108r	0
04_108v	0
04_109r	0
04_109v	0
04_110r	0
04_110v	0
04_111r	0
04_111v	0
04_112r	0
04_112v	0
04_113r	0
04_113v	0
04_114r	0
04_114v	0
04_115r	0
04_115v	0
04_116r	0
04_116v	0
04_117r	0
04_117v	0
04_118r	0
04_118v	0
04_119r	0
04_119v	0
04_120r	0
04_120v	0
04_121r	0
04_121v	0
04_122r	0
04_122v	0
04_123r	0
04_123v	0
04_124r	0
04_124v	0
04_125r	0
04_125v	0
04_126r	0
04_126v	0
04_127r	0
04_127v	0
04_128r	0
04_128v	0
04_129r	0
04_129v	0
04_130r	0
04_130v	0
04_131r	0
04_131v	0
04_132r	0
04_132v	0
04_133r	0
04_133v	0
04_134r	0
04_134v	270
04_135r	0
04_135v	0
04_136r	0
04_136v	0
04_137r	0
04_137v	0
04_138r	0
04_138v	0
04_139r	0
04_139v	270
04_140r	0
04_140v	0
04_141r	0
04_141v	0
04_142r	0
04_142v	0
04_143r	0
04_143v	270
04_144r	0
04_144v	0
04_145r	0
04_145v	0
04_146r	0
04_146v	0
04_147r	0
04_147v	0
04_148r	0
04_148v	0
04_149r	0
04_149v	0
04_150r	0
04_150v	0
04_151r	0
04_151v	0
04_152r	0
04_152v	270
04_153r	0
04_153v	0
04_154r	0
04_154v	0
04_155r	0
04_155v	0
04_156r	0
04_156v	0
04_157r	0
04_157v	0
04_158r	0
04_158v	0
04_159r	0
04_159v	0
04_160r	0
04_160v	0
04_161r	0
04_161v	0
04_162r	0
04_162v	0
04_163r	0
04_163v	270
04_164r	0
04_164v	0
04_165r	0
04_165v	0
04_166r	0
04_166v	0
04_167r	0
04_167v	0
04_168r	0
04_168v	0
04_169r	0
04_169v	0
04_170r	0
04_170v	0
04_171r	0
04_171v	270
04_172r	0
04_172v	0
04_173r	0
04_173v	0
04_174r	0
04_174v	0
04_175r	0
04_175v	0
04_176r	0
04_176v	0
04_177r	0
04_177v	0
04_178r	0
04_178v	0
04_179r	0
04_179v	0
04_180r	0
04_180v	0
04_181r	0
04_181v	0
04_182r	0
04_182v	0
04_183r	0
04_183v	0
04_184r	0
04_184v	0
04_185r	0
04_185v	0
04_186r	0
04_186v	0
04_187r	0
04_187v	0
04_188r	0
04_188v	0
04_189r	0
04_189v	0
04_190r	0
04_190v	0
04_191r	0
04_191v	0
04_192r	0
04_192v	270
04_193r	0
04_193v	0
04_194r	0
04_194v	0
04_195r	0
04_195v	0
04_196r	0
04_196v	0
04_197r	0
04_197v	0
04_198r	0
04_198v	0
04_199r	0
04_199v	0
04_200r	0
04_200v	0
04_201r	0
04_201v	0
04_202r	0
04_202v	0
04_203r	0
04_203v	270
04_204r	0
04_204v	0
04_205r	0
04_205v	0
04_206r	0
04_206v	0
04_207r	0
04_207v	0
04_208r	0
04_208v	0
04_209r	0
04_209v	0
04_210r	0
04_210v	0
04_211r	0
04_211v	0
04_212r	0
04_212v	0
04_213r	0
04_213v	0
04_214r	0
04_214v	0
04_215r	0
04_215v	0
04_216r	0
04_216v	0
04_217r	0
04_217v	0
04_218r	0
04_218v	0
04_219r	0
04_219v	0
04_220r	0
04_220v	0
04_221r	0
04_221v	0
04_222r	0
04_222v	0
04_223r	0
04_223v	0
04_224r	0
04_224v	0
04_225r	0
04_225v	0
04_226r	0
04_226v	0
04_227r	0
04_227v	0
04_228r	0
04_228v	0
04_229r	0
04_229v	0
04_230r	0
04_230v	0
04_231r	0
04_231v	0
04_232r	0
04_232v	0
04_233r	0
04_233v	0
04_234r	0
04_234v	0
04_235r	0
04_235v	0
04_236r	0
04_236v	0
04_237r	0
04_237v	0
04_238r	0
04_238v	0
04_239r	0
04_239v	0
04_240r	0
04_240v	0
04_241r	0
04_241v	0
04_242r	0
04_242v	0
04_243r	0
04_243v	0
04_244r	0
04_244v	0
04_245r	0
04_245v	0
04_246r	0
04_246v	270
04_247r	0
04_247v	0
04_248r	0
04_248v	0
04_249r	0
04_249v	0
04_250r	0
04_250v	0
04_251r	0
04_251v	0
04_252r	0
04_252v	0
04_253r	0
04_253v	0
04_254r	0
04_254v	0
04_255r	0
04_255v	0
04_256r	0
04_256v	0
04_257r	0
04_257v	0
04_258r	0
04_258v	0
04_259r	0
04_259v	0
04_260r	0
04_260v	0
04_261r	0
04_261v	0
04_262r	0
04_262v	0
04_263r	0
04_263v	0
04_264r	0
04_264v	90
04_265r	0
04_265v	270
04_266r	0
04_266v	0
04_267r	0
04_267v	0
04_268r	0
04_268v	0
04_269r	0
04_269v	0
04_270r	0
04_270v	0
04_271r	0
04_271v	0
04_272r	0
04_272v	0
04_273r	0
04_273v	270
04_274r	0
04_274v	0
04_275r	0
04_275v	0
04_276r	0
04_276v	0
04_277r	0
04_277v	0
04_278r	0
04_278v	0
04_279r	0
04_279v	0
04_280r	0
04_280v	0
04_281r	0
04_281v	0
04_282r	0
04_282v	0
04_283r	0
04_283v	0
04_284r	0
04_284v	270
04_285r	0
04_285v	0
04_286r	0
04_286v	270
04_287r	0
04_287v	0
04_288r	0
04_288v	270
04_289r	0
04_289v	0
04_290r	0
04_290v	0
04_291r	0
04_291v	0
04_292r	0
04_292v	0
04_293r	0
04_293v	0
04_294r	0
04_294v	0
04_295r	0
04_295v	0
04_296r	0
04_296v	270
04_297r	0
04_297v	0
04_298r	0
04_298v	0
04_299r	0
04_299v	0
04_300r	0
04_300v	0
04_301r	0
04_301v	0
04_302r	0
04_302v	0
04_303r	0
04_303v	90
04_304r	0
04_304v	0
04_305r	0
04_305v	0
04_306r	0
04_306v	0
04_307r	0
04_307v	0
04_308r	0
04_308v	0
04_309r	0
04_309v	0
04_310r	0
04_310v	0
04_311r	0
04_311v	0
04_312r	0
04_312v	0
04_313r	0
04_313v	0
04_314r	0
04_314v	0
04_315r	0
04_315v	0
04_316r	0
04_316v	0
04_317r	0
04_317v	0
04_318bisr	0
04_318bisv	0
04_318r	0
04_318v	0
04_319r	0
04_319v	0
04_320r	0
04_320v	0
04_321r	0
04_321v	0
04_322r	0
04_322v	0
04_323r	0
04_323v	0
04_324r	0
04_324v	0
04_325r	0
04_325v	0
04_326r	0
04_326v	0
04_327r	0
04_327v	0
04_328r	0
04_328v	0
04_329r	0
04_329v	0
04_330r	0
04_330v	90
04_331r	0
04_331v	0
04_332r	0
04_332v	0
04_333r	0
04_333v	0
04_334r	0
04_334v	0
04_335r	0
04_335v	0
04_336r	0
04_336v	0
04_337r	0
04_337v	270
04_338r	0
04_338v	0
04_339r	0
04_339v	0
04_340r	0
04_340v	0
04_341r	0
04_341v	0
04_342r	0
04_342v	0
04_343r	0
04_343v	0
04_344r	0
04_344v	0
04_345r	0
04_345v	0
04_346r	0
04_346v	0
04_347r	0
04_347v	0
04_348r	0
04_348v	0
04_349r	0
04_349v	0
04_350r	0
04_350v	0
04_351r	0
04_351v	0
04_352r	0
04_352v	270
04_353r	0
04_353v	0
04_354r	0
04_354v	0
04_355r	0
04_355v	0
04_356r	0
04_356v	0
04_357r	0
04_357v	0
04_358r	0
04_358v	270
04_359r	0
04_359v	0
04_360r	0
04_360v	0
04_361r	0
04_361v	0
04_362r	0
04_362v	0
04_363r	0
04_363v	0
04_364r	0
04_364v	0
04_365r	0
04_365v	0
04_366r	0
04_366v	0
04_367r	0
04_367v	0
04_368r	0
04_368v	0
04_369r	0
04_369v	0
04_370r	0
04_370v	0
04_371r	0
04_371v	0
04_372r	0
04_372v	0
04_373r	0
04_373v	0
04_374r	0
04_374v	270
04_375r	0
04_375v	0
04_376r	0
04_376v	0
04_377r	0
04_377v	0
04_378r	0
04_378v	0
04_379r	0
04_379v	0
04_380r	0
04_380v	0
04_381r	0
04_381v	0
04_382r	0
04_382v	0
04_383r	0
04_383v	0
04_384r	0
04_384v	0
04_385r	0
04_385v	270
04_386r	0
04_386v	0
04_387r	0
04_387v	0
04_388r	0
04_388v	0
04_389r	0
04_389v	0
04_390r	0
04_390v	0
04_391r	0
04_391v	0
04_392r	0
04_392v	0
04_393bisr	0
04_393bisv	0
04_393r	0
04_393v	0
04_394r	0
04_394v	0
04_395r	0
04_395v	0
04_396r	0
04_396v	0
04_397r	0
04_397v	0
04_398r	0
04_398v	0
04_399r	0
04_399v	0
04_400bisr	0
04_400bisv	0
04_400r	0
04_400v	0
05_001r	0
05_001v	0
05_002r	0
05_002v	0
05_003r	0
05_003v	0
05_004r	0
05_004v	0
05_005r	0
05_005v	0
05_006r	0
05_006v	0
05_007r	0
05_007v	0
05_008r	0
05_008v	0
05_009r	0
05_009v	270
05_010r	0
05_010v	0
05_011r	0
05_011v	0
05_012r	0
05_012v	0
05_013r	0
05_013v	0
05_014r	0
05_014v	0
05_015r	0
05_015v	0
05_016r	0
05_016v	0
05_017r	0
05_017v	0
05_018r	0
05_018v	0
05_019r	0
05_019v	0
05_020r	0
05_020v	270
05_021r	0
05_021v	270
05_022r	0
05_022v	0
05_023r	0
05_023v	0
05_024r	0
05_024v	0
05_025r	0
05_025v	0
05_026r	0
05_026v	270
05_027r	0
05_027v	0
05_028r	0
05_028v	0
05_029r	0
05_029v	0
05_030r	0
05_030v	0
05_031r	0
05_031v	0
05_032r	0
05_032v	0
05_033r	0
05_033v	0
05_034r	0
05_034v	0
05_035r	0
05_035v	0
05_036r	0
05_036v	0
05_037r	0
05_037v	0
05_038r	0
05_038v	0
05_039r	0
05_039v	0
05_040r	0
05_040v	0
05_041r	0
05_041v	0
05_042r	0
05_042v	0
05_043r	0
05_043v	0
05_044r	0
05_044v	0
05_045r	0
05_045v	0
05_046r	0
05_046v	0
05_047r	0
05_047v	0
05_048r	0
05_048v	0
05_049r	0
05_049v	0
05_050r	0
05_050v	0
05_051r	0
05_051v	0
05_052r	0
05_052v	270
05_053r	0
05_053v	0
05_054r	0
05_054v	270
05_055r	0
05_055v	0
05_056r	0
05_056v	270
05_057r	0
05_057v	270
05_058r	0
05_058v	0
05_059r	0
05_059v	0
05_060r	0
05_060v	0
05_061r	0
05_061v	0
05_062r	0
05_062v	0
05_063r	0
05_063v	0
05_064r	0
05_064v	90
05_065r	0
05_065v	0
05_066r	0
05_066v	0
05_067r	0
05_067v	0
05_068r	0
05_068v	0
05_069r	0
05_069v	0
05_070r	0
05_070v	0
05_071r	0
05_071v	270
05_072r	0
05_072v	0
05_073r	0
05_073v	0
05_074r	0
05_074v	0
05_075r	0
05_075v	270
05_076r	0
05_076v	270
05_077r	0
05_077v	0
05_078r	0
05_078v	0
05_079r	0
05_079v	0
05_080r	0
05_080v	0
05_081r	0
05_081v	0
05_082r	0
05_082v	270
05_083r	0
05_083v	0
05_084r	0
05_084v	0
05_085r	0
05_085v	0
05_086r	0
05_086v	0
05_087r	0
05_087v	0
05_088r	0
05_088v	0
05_089r	0
05_089v	0
05_090r	0
05_090v	0
05_091r	0
05_091v	0
05_092r	0
05_092v	270
05_093r	0
05_093v	0
05_094r	0
05_094v	0
05_095r	0
05_095v	0
05_096r	0
05_096v	0
05_097r	0
05_097v	0
05_098r	0
05_098v	0
05_099r	0
05_099v	0
05_100r	0
05_100v	0
05_101r	0
05_101v	0
05_102r	0
05_102v	0
05_103r	0
05_103v	0
05_104r	0
05_104v	0
05_105r	0
05_105v	0
05_106r	0
05_106v	0
05_107r	0
05_107v	0
05_108r	0
05_108v	0
05_109r	0
05_109v	0
05_110r	0
05_110v	0
05_111r	0
05_111v	0
05_112r	0
05_112v	0
05_113r	0
05_113v	0
05_114r	0
05_114v	0
05_115r	0
05_115v	0
05_116r	0
05_116v	90
05_117r	0
05_117v	0
05_118r	0
05_118v	0
05_119r	0
05_119v	0
05_120r	0
05_120v	0
05_121r	0
05_121v	0
05_122r	0
05_122v	0
05_123r	0
05_123v	0
05_124r	0
05_124v	0
05_125r	0
05_125v	0
05_126r	0
05_126v	0
05_127r	0
05_127v	0
05_128r	0
05_128v	0
05_129r	0
05_129v	0
05_130r	0
05_130v	0
05_131r	0
05_131v	0
05_132r	0
05_132v	0
05_133r	0
05_133v	0
05_134r	0
05_134v	0
05_135r	0
05_135v	0
05_136r	0
05_136v	0
05_137r	0
05_137v	0
05_138r	0
05_138v	0
05_139r	0
05_139v	0
05_140r	0
05_140v	0
05_141r	0
05_141v	0
05_142r	0
05_142v	0
05_143r	0
05_143v	0
05_144r	0
05_144v	0
05_145r	0
05_145v	0
05_146r	0
05_146v	0
05_147r	0
05_147v	0
05_148r	0
05_148v	0
05_149r	0
05_149v	0
05_150r	0
05_150v	0
05_151r	0
05_151v	0
05_152r	0
05_152v	0
05_153r	0
05_153v	0
05_154r	0
05_154v	0
05_155r	0
05_155v	0
05_156r	0
05_156v	270
05_157r	0
05_157v	270
05_158r	0
05_158v	0
05_159r	0
05_159v	0
05_160r	0
05_160v	0
05_161r	0
05_161v	0
05_162r	0
05_162v	0
05_163r	0
05_163v	0
05_164r	0
05_164v	0
05_165r	0
05_165v	0
05_166r	0
05_166v	0
05_167r	0
05_167v	0
05_168r	0
05_168v	0
05_169r	0
05_169v	0
05_170r	0
05_170v	0
05_171r	0
05_171v	0
05_172r	0
05_172v	0
05_173r	0
05_173v	0
05_174r	0
05_174v	270
05_175r	0
05_175v	270
05_176r	0
05_176v	0
05_177r	0
05_177v	0
05_178r	0
05_178v	0
05_179r	0
05_179v	270
05_180r	0
05_180v	0
05_181r	0
05_181v	0
05_182r	0
05_182v	0
05_183r	0
05_183v	0
05_184r	0
05_184v	0
05_185r	0
05_185v	0
05_186r	0
05_186v	0
05_187r	0
05_187v	0
05_188r	0
05_188v	0
05_189r	0
05_189v	0
05_190r	0
05_190v	0
05_191r	0
05_191v	0
05_192r	0
05_192v	0
05_193r	0
05_193v	0
05_194r	0
05_194v	0
05_195r	0
05_195v	0
05_196r	0
05_196v	0
05_197r	0
05_197v	0
05_198r	0
05_198v	0
05_199r	0
05_199v	0
05_200r	0
05_200v	0
05_201r	0
05_201v	0
05_202r	0
05_202v	0
05_203r	0
05_203v	0
05_204r	0
05_204v	0
05_205r	0
05_205v	0
05_206r	0
05_206v	0
05_207r	0
05_207v	0
05_208r	0
05_208v	0
05_209r	0
05_209v	0
05_210r	0
05_210v	0
05_211r	0
05_211v	0
05_212r	0
05_212v	0
05_213r	0
05_213v	0
05_214r	0
05_214v	0
05_215r	0
05_215v	0
05_216r	0
05_216v	0
05_217r	0
05_217v	0
05_218r	0
05_218v	0
05_219r	0
05_219v	0
05_220r	0
05_220v	0
05_221r	0
05_221v	0
05_222r	0
05_222v	0
05_223r	0
05_223v	0
05_224r	0
05_224v	0
05_225r	0
05_225v	0
05_226r	0
05_226v	0
05_227r	0
05_227v	270
05_228r	0
05_228v	0
05_229r	0
05_229v	0
05_230r	0
05_230v	0
05_231r	0
05_231v	0
05_232r	0
05_232v	0
05_233r	0
05_233v	0
05_234r	0
05_234v	0
05_235r	0
05_235v	0
05_236r	0
05_236v	0
05_237r	0
05_237v	270
05_238r	0
05_238v	0
05_239r	0
05_239v	0
05_240r	0
05_240v	0
05_241r	0
05_241v	0
05_242r	0
05_242v	0
05_243r	0
05_243v	0
05_244r	0
05_244v	0
05_245r	0
05_245v	0
05_246r	0
05_246v	0
05_247r	0
05_247v	0
05_248r	0
05_248v	0
05_249r	0
05_249v	0
05_250r	0
05_250v	0
05_251r	0
05_251v	0
05_252r	0
05_252v	0
05_253r	0
05_253v	0
05_254r	0
05_254v	0
05_255r	0
05_255v	0
05_256r	0
05_256v	0
05_257r	0
05_257v	0
05_258r	0
05_258v	0
05_259r	0
05_259v	0
05_260r	0
05_260v	270
05_261r	0
05_261v	0
05_262r	0
05_262v	0
05_263r	0
05_263v	0
05_264r	0
05_264v	0
05_265r	0
05_265v	0
05_266r	0
05_266v	0
05_267r	0
05_267v	0
05_268r	0
05_268v	0
05_269r	0
05_269v	0
05_270r	0
05_270v	0
05_271r	0
05_271v	0
05_272r	0
05_272v	0
05_273r	0
05_273v	0
05_274r	0
05_274v	0
05_275r	0
05_275v	0
05_276r	0
05_276v	0
05_277r	0
05_277v	0
05_278r	0
05_278v	270
05_279r	0
05_279v	0
05_280r	0
05_280v	0
05_281r	0
05_281v	0
05_282r	0
05_282v	270
05_283r	0
05_283v	0
05_284r	0
05_284v	0
05_285r	0
05_285v	0
05_286r	0
05_286v	0
05_287r	0
05_287v	0
05_288r	0
05_288v	270
05_289r	0
05_289v	0
05_290r	0
05_290v	0
05_291r	0
05_291v	0
05_292r	0
05_292v	0
05_293r	0
05_293v	0
05_294r	0
05_294v	0
05_295r	0
05_295v	270
05_296r	0
05_296v	270
05_297r	0
05_297v	0
05_298r	0
05_298v	0
05_299r	0
05_299v	0
05_300r	0
05_300v	0
05_301r	0
05_301v	0
05_302r	0
05_302v	0
05_303r	0
05_303v	0
05_304r	0
05_304v	0
05_305r	0
05_305v	0
05_306r	0
05_306v	0
05_307r	0
05_307v	0
05_308r	0
05_308v	0
05_309r	0
05_309v	0
05_310r	0
05_310v	0
05_311r	0
05_311v	0
05_312r	0
05_312v	0
05_313r	0
05_313v	0
05_314r	0
05_314v	270
05_315r	0
05_315v	270
05_316r	0
05_316v	0
05_317r	0
05_317v	0
05_318r	0
05_318v	0
05_319r	0
05_319v	0
05_320r	0
05_320v	0
05_321r	0
05_321v	0
05_322r	0
05_322v	0
05_323r	0
05_323v	0
05_324r	0
05_324v	270
05_325r	0
05_325v	270
05_326r	0
05_326v	0
05_327r	0
05_327v	0
05_328r	0
05_328v	0
05_329r	0
05_329v	0
05_330r	0
05_330v	0
05_331r	0
05_331v	0
05_332r	0
05_332v	0
05_333r	0
05_333v	0
05_334r	0
05_334v	0
05_335r	0
05_335v	0
05_336r	0
05_336v	0
05_337r	0
05_337v	0
05_338r	0
05_338v	0
05_339r	0
05_339v	0
05_340r	0
05_340v	0
05_341r	0
05_341v	0
05_342r	0
05_342v	270
05_343r	0
05_343v	270
05_344r	0
05_344v	0
06_002r	0
06_002v	0
06_003r	0
06_003v	0
06_004r	0
06_004v	0
06_005r	0
06_005v	0
06_006r	0
06_006v	270
06_007r	0
06_007v	270
06_008r	0
06_008v	0
06_009r	0
06_009v	0
06_010r	0
06_010v	0
06_011r	0
06_011v	270
06_012r	0
06_012v	0
06_013r	0
06_013v	0
06_014r	0
06_014v	0
06_015r	0
06_015v	0
06_016r	0
06_016v	0
06_017r	0
06_017v	0
06_018r	0
06_018v	0
06_019r	0
06_019v	270
06_020r	0
06_020v	270
06_021r	0
06_021v	270
06_022r	0
06_022v	0
06_023r	0
06_023v	0
06_024r	0
06_024v	0
06_025r	0
06_025v	0
06_026r	0
06_026v	0
06_027r	0
06_027v	0
06_028r	0
06_028v	0
06_029r	0
06_029v	0
06_030r	0
06_030v	0
06_031r	0
06_031v	270
06_032r	0
06_032v	0
06_033r	0
06_033v	0
06_034r	0
06_034v	0
06_035r	0
06_035v	0
06_036r	0
06_036v	270
06_037r	0
06_037v	90
06_038r	270
06_038v	90
06_039r	270
06_039v	270
06_040r	0
06_040v	270
06_041r	0
06_041v	270
06_042r	0
06_042v	0
06_043r	0
06_043v	0
06_044r	0
06_044v	0
06_045r	0
06_045v	0
06_046r	0
06_046v	0
06_047r	0
06_047v	270
06_048r	0
06_048v	270
06_049r	0
06_049v	0
06_050r	0
06_050v	0
06_051r	0
06_051v	0
06_052r	0
06_052v	270
06_053r	0
06_053v	0
06_054r	0
06_054v	0
06_055r	0
06_055v	0
06_056r	0
06_056v	270
06_057r	0
06_057v	0
06_058r	0
06_058v	90
06_059r	0
06_059v	90
06_060r	0
06_060v	270
06_061r	0
06_061v	0
06_062r	0
06_062v	0
06_063r	0
06_063v	0
06_064r	0
06_064v	0
06_065r	0
06_065v	0
06_066r	0
06_066v	270
06_067r	0
06_067v	270
06_068r	0
06_068v	270
06_069r	0
06_069v	0
06_070r	0
06_070v	0
06_071r	0
06_071v	0
06_072r	0
06_072v	0
06_073r	0
06_073v	0
06_074r	0
06_074v	270
06_075r	0
06_075v	0
06_076r	0
06_076v	270
06_077r	0
06_077v	0
06_078r	0
06_078v	0
06_079r	0
06_079v	0
06_080r	0
06_080v	0
06_081r	0
06_081v	270
06_082r	0
06_082v	0
06_083r	0
06_083v	0
06_084r	0
06_084v	0
06_085r	0
06_085v	0
06_086r	0
06_086v	0
06_087r	0
06_087v	0
06_088r	0
06_088v	0
06_089r	0
06_089v	0
06_090r	0
06_090v	0
06_091r	0
06_091v	0
06_092r	0
06_092v	0
06_093r	0
06_093v	0
06_094r	0
06_094v	270
06_095r	0
06_095v	0
06_096r	0
06_096v	0
06_097r	0
06_097v	0
06_098r	0
06_098v	0
06_099r	0
06_099v	0
06_100r	0
06_100v	0
06_101r	0
06_101v	0
06_102r	0
06_102v	0
06_103r	0
06_103v	0
06_104r	0
06_104v	0
06_105r	0
06_105v	0
06_106r	0
06_106v	270
06_107r	0
06_107v	0
06_108r	0
06_108v	0
06_109r	0
06_109v	0
06_110r	0
06_110v	0
06_111r	0
06_111v	0
06_112r	0
06_112v	270
06_113r	0
06_113v	0
06_114r	0
06_114v	0
06_115r	0
06_115v	0
06_116r	0
06_116v	270
06_117r	0
06_117v	0
06_118r	0
06_118v	270
06_119r	0
06_119v	0
06_120r	0
06_120v	0
06_121r	0
06_121v	0
06_122r	0
06_122v	0
06_123r	0
06_123v	0
06_124r	0
06_124v	0
06_125r	0
06_125v	0
06_126r	0
06_126v	0
06_127r	0
06_127v	0
06_128r	0
06_128v	0
06_129r	0
06_129v	0
06_130r	0
06_130v	270
06_131r	0
06_131v	0
06_132r	0
06_132v	0
06_133r	0
06_133v	0
06_134r	0
06_134v	0
06_135r	0
06_135v	0
06_136r	0
06_136v	0
06_137r	0
06_137v	0
06_138r	0
06_138v	0
06_139r	0
06_139v	0
06_140r	0
06_140v	0
06_141r	0
06_141v	0
06_142r	0
06_142v	0
06_143r	0
06_143v	0
06_144r	0
06_144v	0
06_145r	0
06_145v	0
06_146r	0
06_146v	0
06_147r	0
06_147v	0
06_148r	0
06_148v	0
06_149r	0
06_149v	0
06_150r	0
06_150v	0
06_151r	0
06_151v	0
06_152r	0
06_152v	0
06_153r	0
06_153v	0
06_154r	0
06_154v	0
06_155r	0
06_155v	0
06_156r	0
06_156v	0
06_157r	0
06_157v	0
06_158r	0
06_158v	270
06_159r	0
06_159v	0
06_160r	0
06_160v	270
06_161r	0
06_161v	0
06_162r	0
06_162v	0
06_163r	0
06_163v	0
06_164r	0
06_164v	0
06_165r	0
06_165v	0
06_166r	0
06_166v	0
06_167r	0
06_167v	270
06_168r	0
06_168v	270
06_169r	0
06_169v	270
06_170r	0
06_170v	270
06_171r	0
06_171v	270
06_172r	0
06_172v	270
06_173r	0
06_173v	270
06_174r	0
06_174v	270
06_175r	0
06_175v	0
06_176r	0
06_176v	0
06_177r	0
06_177v	0
06_178r	0
06_178v	0
06_179r	0
06_179v	0
06_180r	0
06_180v	0
06_181r	0
06_181v	0
06_182r	0
06_182v	0
06_183r	0
06_183v	0
06_184r	0
06_184v	0
06_185r	0
06_185v	0
06_186r	0
06_186v	0
06_187r	0
06_187v	0
06_188r	0
06_188v	0
06_189r	0
06_189v	0
06_190r	0
06_190v	0
06_191r	0
06_191v	0
06_192r	0
06_192v	0
06_193r	0
06_193v	0
06_194r	0
06_194v	0
06_195r	0
06_195v	0
06_196r	0
06_196v	270
06_197r	0
06_197v	0
06_198r	0
06_198v	0
06_199r	0
06_199v	0
06_200r	0
06_200v	0
06_201r	0
06_201v	0
06_202r	0
06_202v	0
06_203r	0
06_203v	0
06_204r	0
06_204v	0
06_205r	0
06_205v	0
06_206r	0
06_206v	0
06_207r	0
06_207v	0
06_208r	0
06_208v	270
06_209r	0
06_209v	0
06_210r	0
06_210v	0
06_211r	0
06_211v	0
06_212r	0
06_212v	0
06_213r	0
06_213v	0
06_214r	0
06_214v	0
06_215r	0
06_215v	0
06_216r	0
06_216v	0
06_217r	0
06_217v	0
06_218r	0
06_218v	0
06_219r	0
06_219v	0
06_220r	0
06_220v	0
06_221r	0
06_221v	0
06_222r	0
06_222v	0
06_223r	0
06_223v	0
06_224r	0
06_224v	0
06_225r	0
06_225v	0
06_226r	0
06_226v	0
06_227r	0
06_227v	0
06_228r	0
06_228v	0
06_229r	0
06_229v	0
06_230r	0
06_230v	0
06_231r	0
06_231v	0
06_232r	0
06_232v	270
06_233r	0
06_233v	270
06_234r	0
06_234v	270
06_235r	0
06_235v	270
06_236r	0
06_236v	270
06_237r	0
06_237v	270
06_238r	0
06_238v	270
06_239r	0
06_239v	270
06_240r	0
06_240v	270
06_241r	0
06_241v	0
06_242r	0
06_242v	0
06_243r	0
06_243v	0
06_244r	0
06_244v	270
06_245r	0
06_245v	0
06_246r	0
06_246v	0
06_247r	0
06_247v	0
06_248r	0
06_248v	0
06_249r	0
06_249v	0
06_250r	0
06_250v	0
06_251r	0
06_251v	0
06_252r	0
06_252v	270
06_253r	0
06_253v	0
06_254r	0
06_254v	270
06_255r	0
06_255v	0
06_256r	0
06_256v	270
06_257r	0
06_257v	0
06_258r	0
06_258v	270
06_259r	0
06_259v	0
06_260r	0
06_260v	270
06_261r	0
06_261v	0
06_262r	0
06_262v	0
06_263r	0
06_263v	0
06_264r	0
06_264v	0
06_265r	0
06_265v	0
06_266r	0
06_266v	0
06_267r	0
06_267v	0
06_268r	0
06_268v	0
06_269r	0
06_269v	0
06_270r	0
06_270v	270
06_271r	0
06_271v	0
06_272r	0
06_272v	0
06_273r	0
06_273v	0
06_274r	0
06_274v	0
06_275r	0
06_275v	0
06_276r	0
06_276v	0
06_277r	0
06_277v	0
06_278r	0
06_278v	0
06_279r	0
06_279v	0
06_280r	0
06_280v	0
06_281r	0
06_281v	0
06_282r	0
06_282v	270
06_283r	0
06_283v	0
06_284r	0
06_284v	0
06_285r	0
06_285v	0
06_286r	0
06_286v	0
06_287r	0
06_287v	0
06_288r	0
06_288v	0
06_289r	0
06_289v	0
06_290r	0
06_290v	0
06_291r	0
06_291v	0
06_292r	0
06_292v	90
06_293r	0
06_293v	0
06_294r	0
06_294v	0
06_295r	0
06_295v	0
06_296r	0
06_296v	0
06_297r	0
06_297v	0
06_298r	0
06_298v	0
06_299r	0
06_299v	0
06_300r	0
06_300v	0
06_301r	0
06_301v	0
06_302r	0
06_302v	0
06_303r	0
06_303v	0
06_304r	0
06_304v	0
06_305r	0
06_305v	0
06_306r	0
06_306v	0
06_307r	0
06_307v	0
06_308r	0
06_308v	0
06_309r	0
06_309v	0
06_310r	0
06_310v	90
06_311r	0
06_311v	270
06_312r	0
06_312v	270
06_313r	0
06_313v	0
06_314r	0
06_314v	0
06_315r	0
06_315v	0
06_316r	0
06_316v	0
06_317r	0
06_317v	0
06_318r	0
06_318v	0
06_319r	0
06_319v	270
06_320r	0
06_320v	270
06_321r	0
06_321v	0
06_322r	0
06_322v	0
06_323r	0
06_323v	0
06_324r	0
06_324v	0
06_325r	0
06_325v	0
06_326r	0
06_326v	0
06_327r	0
06_327v	0
06_328r	0
06_328v	0
06_329r	0
06_329v	0
06_330r	0
06_330v	0
06_331r	0
06_331v	270
06_332r	0
06_332v	0
06_333r	0
06_333v	270
06_334r	0
06_334v	270
06_335r	0
06_335v	0
06_336r	0
06_336v	0
06_337r	0
06_337v	0
06_338r	0
06_338v	0
06_339r	0
06_339v	0
06_340r	0
06_340v	270
06_341r	0
06_341v	270
06_342r	0
06_342v	0
06_343r	0
06_343v	0
07_001r	0
07_001v	0
07_002r	0
07_002v	0
07_003r	0
07_003v	0
07_004r	0
07_004v	0
07_005r	0
07_005v	0
07_006r	0
07_006v	90
07_007r	0
07_007v	0
07_008r	0
07_008v	270
07_009r	0
07_009v	0
07_010r	0
07_010v	0
07_011r	0
07_011v	0
07_012r	0
07_012v	0
07_013r	0
07_013v	0
07_014r	0
07_014v	0
07_015r	0
07_015v	0
07_016r	0
07_016v	0
07_017r	0
07_017v	0
07_018r	0
07_018v	0
07_019r	0
07_019v	0
07_020r	0
07_020v	0
07_021r	0
07_021v	270
07_022r	0
07_022v	0
07_023r	0
07_023v	0
07_024r	0
07_024v	0
07_025r	0
07_025v	270
07_026r	0
07_026v	0
07_027r	0
07_027v	270
07_028r	0
07_028v	0
07_029r	0
07_029v	0
07_030r	0
07_030v	0
07_031r	0
07_031v	270
07_032r	0
07_032v	0
07_033r	0
07_033v	270
07_034r	0
07_034v	0
07_035r	0
07_035v	0
07_036r	0
07_036v	0
07_037r	0
07_037v	0
07_038r	0
07_038v	0
07_039r	0
07_039v	270
07_040r	0
07_040v	0
07_041r	0
07_041v	0
07_042r	0
07_042v	270
07_043r	0
07_043v	0
07_044r	0
07_044v	0
07_045r	0
07_045v	0
07_046r	0
07_046v	270
07_047r	0
07_047v	0
07_048r	0
07_048v	270
07_049r	0
07_049v	270
07_050r	0
07_050v	0
07_051r	0
07_051v	0
07_052r	0
07_052v	0
07_053r	0
07_053v	0
07_054r	0
07_054v	0
07_055r	0
07_055v	0
07_056r	0
07_056v	0
07_057r	0
07_057v	0
07_058r	0
07_058v	0
07_059r	0
07_059v	0
07_060r	0
07_060v	0
07_061r	0
07_061v	0
07_062r	0
07_062v	0
07_063r	0
07_063v	270
07_064r	0
07_064v	0
07_065r	0
07_065v	270
07_066r	0
07_066v	0
07_067r	0
07_067v	0
07_068r	0
07_068v	0
07_069r	0
07_069v	0
07_070r	0
07_070v	0
07_071r	0
07_071v	0
07_072r	0
07_072v	270
07_073r	0
07_073v	0
07_074r	0
07_074v	0
07_075r	0
07_075v	0
07_076r	0
07_076v	0
07_077r	0
07_077v	0
07_078r	0
07_078v	270
07_079r	0
07_079v	270
07_080r	0
07_080v	0
07_081r	0
07_081v	0
07_082r	0
07_082v	0
07_083r	0
07_083v	0
07_084r	0
07_084v	0
07_085r	0
07_085v	0
07_086r	0
07_086v	270
07_087r	0
07_087v	270
07_088r	0
07_088v	0
07_089r	0
07_089v	0
07_090r	0
07_090v	0
07_091r	0
07_091v	270
07_092r	0
07_092v	0
07_093r	0
07_093v	0
07_094r	0
07_094v	0
07_095r	0
07_095v	0
07_096r	0
07_096v	0
07_097r	0
07_097v	270
07_098r	0
07_098v	0
07_099r	0
07_099v	0
07_100r	0
07_100v	0
07_101r	0
07_101v	0
07_102r	0
07_102v	270
07_103r	0
07_103v	0
07_104r	0
07_104v	270
07_105r	0
07_105v	0
07_106r	0
07_106v	270
07_107r	0
07_107v	0
07_108r	0
07_108v	0
07_109r	90
07_109v	0
07_110r	0
07_110v	270
07_111r	0
07_111v	0
07_112r	0
07_112v	0
07_113r	0
07_113v	0
07_114r	0
07_114v	0
07_115r	0
07_115v	0
07_116r	0
07_116v	270
07_117r	0
07_117v	0
07_118r	0
07_118v	270
07_119r	0
07_119v	0
07_120r	0
07_120v	270
07_121r	0
07_121v	0
07_122r	0
07_122v	0
07_123r	0
07_123v	270
07_124r	0
07_124v	0
07_125r	0
07_125v	0
07_126r	0
07_126v	0
07_127r	0
07_127v	270
07_128r	0
07_128v	0
07_129r	0
07_129v	270
07_130r	0
07_130v	0
07_131r	0
07_131v	0
07_132r	0
07_132v	0
07_133r	0
07_133v	0
07_134r	0
07_134v	0
07_135r	0
07_135v	270
07_136r	0
07_136v	0
07_137r	0
07_137v	270
07_138r	0
07_138v	0
07_139r	0
07_139v	0
07_140r	0
07_140v	0
07_141r	0
07_141v	0
07_142r	0
07_142v	0
07_143r	0
07_143v	0
07_144r	0
07_144v	0
07_145r	0
07_145v	0
07_146r	0
07_146v	0
07_147r	0
07_147v	270
07_148r	0
07_148v	270
07_149r	0
07_149v	0
07_150r	0
07_150v	0
07_151r	0
07_151v	0
07_152r	0
07_152v	0
07_153r	0
07_153v	0
07_154r	0
07_154v	0
07_155r	0
07_155v	270
07_156r	0
07_156v	270
07_157r	0
07_157v	0
07_158r	0
07_158v	0
07_159r	0
07_159v	0
07_160r	0
07_160v	0
07_161r	0
07_161v	0
07_162r	0
07_162v	0
07_163r	0
07_163v	0
07_164r	0
07_164v	0
07_165r	0
07_165v	270
07_166r	0
07_166v	0
07_167r	0
07_167v	0
07_168r	0
07_168v	270
07_169r	0
07_169v	0
07_170r	0
07_170v	270
07_171r	0
07_171v	90
07_172r	0
07_172v	0
07_173r	0
07_173v	0
07_174r	0
07_174v	0
07_175r	0
07_175v	0
07_176r	0
07_176v	0
07_177r	0
07_177v	0
07_178r	0
07_178v	0
07_179r	0
07_179v	0
07_180r	0
07_180v	0
07_181r	0
07_181v	270
07_182r	0
07_182v	0
07_183r	0
07_183v	0
07_184r	0
07_184v	0
07_185r	0
07_185v	0
07_186r	0
07_186v	270
07_187r	0
07_187v	270
07_188r	0
07_188v	0
07_189r	0
07_189v	270
07_190r	0
07_190v	0
07_191r	0
07_191v	0
07_192r	0
07_192v	0
07_193r	0
07_193v	0
07_194r	0
07_194v	270
07_195r	0
07_195v	0
07_196r	0
07_196v	0
07_197r	0
07_197v	0
07_198r	0
07_198v	270
07_199r	0
07_199v	0
07_200r	0
07_200v	0
07_201r	0
07_201v	0
07_202r	0
07_202v	0
07_203r	90
07_203v	270
07_204r	0
07_204v	0
07_205r	0
07_205v	0
07_206r	0
07_206v	0
07_207r	0
07_207v	0
07_208r	0
07_208v	0
07_209r	0
07_209v	0
07_210r	0
07_210v	0
07_211r	0
07_211v	0
07_212r	0
07_212v	0
07_213r	0
07_213v	270
07_214r	0
07_214v	0
07_215r	0
07_215v	0
07_216r	0
07_216v	0
07_217r	0
07_217v	0
07_218r	0
07_218v	0
07_219r	0
07_219v	0
07_220r	0
07_220v	0
07_221r	0
07_221v	0
07_222r	0
07_222v	0
07_223r	0
07_223v	0
07_224r	0
07_224v	270
07_225r	0
07_225v	270
07_226r	0
07_226v	0
07_227r	0
07_227v	0
07_228r	0
07_228v	0
07_229r	0
07_229v	0
07_230r	0
07_230v	0
07_231r	0
07_231v	0
07_232r	0
07_232v	0
07_233r	0
07_233v	0
07_234r	0
07_234v	0
07_235r	0
07_235v	0
07_236r	0
07_236v	270
07_237r	0
07_237v	0
07_238r	0
07_238v	0
07_239r	0
07_239v	0
07_240r	0
07_240v	0
07_241r	0
07_241v	270
07_242r	0
07_242v	270
07_243r	0
07_243v	0
07_244r	0
07_244v	0
07_245r	0
07_245v	0
07_246r	0
07_246v	0
07_247r	0
07_247v	270
07_248r	0
07_248v	0
07_249r	0
07_249v	0
07_250r	0
07_250v	270
07_251r	0
07_251v	0
07_252r	0
07_252v	0
07_253r	0
07_253v	0
07_254r	0
07_254v	0
07_255r	0
07_255v	0
07_256r	0
07_256v	270
07_257r	0
07_257v	0
07_258r	0
07_258v	0
07_259r	0
07_259v	0
07_260r	0
07_260v	0
07_261r	0
07_261v	0
07_262r	0
07_262v	0
07_263r	0
07_263v	0
07_264r	0
07_264v	90
07_265r	0
07_265v	270
07_266r	0
07_266v	0
07_267r	0
07_267v	0
07_268r	0
07_268v	0
07_269r	0
07_269v	0
07_270r	0
07_270v	270
07_271r	0
07_271v	270
07_272r	0
07_272v	0
07_273r	0
07_273v	0
07_274r	0
07_274v	270
07_275r	0
07_275v	0
07_276r	0
07_276v	0
07_277r	0
07_277v	0
07_278r	0
07_278v	0
07_279r	0
07_279v	0
07_280r	0
07_280v	0
07_281r	0
07_281v	0
07_282r	0
07_282v	0
07_283r	0
07_283v	270
07_284r	270
07_284v	0
07_285r	0
07_285v	0
07_286r	0
07_286v	0
07_287r	0
07_287v	0
07_288r	0
07_288v	0
07_289r	0
07_289v	270
07_290r	0
07_290v	0
07_291r	0
07_291v	270
07_292r	0
07_292v	0
07_293r	0
07_293v	0
07_294r	0
07_294v	0
07_295r	0
07_295v	0
07_296r	0
07_296v	0
07_297r	0
07_297v	0
07_298r	0
07_298v	0
07_299r	0
07_299v	270
07_300r	0
07_300v	270
07_301r	0
07_301v	270
07_302r	0
07_302v	0
07_303r	0
07_303v	0
07_304r	0
07_304v	0
07_305r	0
07_305v	270
07_306r	0
07_306v	0
07_307r	0
07_307v	0
07_308r	0
07_308v	270
07_309r	0
07_309v	0
07_310r	0
07_310v	0
07_311r	0
07_311v	0
07_312r	0
07_312v	0
07_313r	0
07_313v	270
07_314r	0
07_314v	270
08_001r	0
08_001v	0
08_002r	0
08_002v	0
08_003r	0
08_003v	0
08_004r	0
08_004v	0
08_005r	0
08_005v	0
08_006r	0
08_006v	270
08_007r	0
08_007v	270
08_008r	0
08_008v	270
08_009r	0
08_009v	0
08_010r	0
08_010v	0
08_011r	0
08_011v	0
08_012r	0
08_012v	0
08_013r	0
08_013v	0
08_014r	0
08_014v	0
08_015r	0
08_015v	270
08_016r	0
08_016v	270
08_017r	0
08_017v	0
08_018r	0
08_018v	0
08_019r	0
08_019v	0
08_020r	0
08_020v	0
08_021r	0
08_021v	0
08_022r	0
08_022v	0
08_023r	0
08_023v	0
08_024r	0
08_024v	0
08_025r	0
08_025v	270
08_026r	0
08_026v	270
08_027r	0
08_027v	0
08_028r	0
08_028v	0
08_029r	0
08_029v	0
08_030r	0
08_030v	0
08_031r	0
08_031v	270
08_032r	0
08_032v	270
08_033r	0
08_033v	0
08_034r	0
08_034v	0
08_035r	0
08_035v	0
08_036r	0
08_036v	270
08_037r	0
08_037v	0
08_038r	0
08_038v	0
08_039r	0
08_039v	270
08_040r	0
08_040v	0
08_041r	0
08_041v	0
08_042r	0
08_042v	0
08_043r	0
08_043v	270
08_044r	0
08_044v	0
08_045r	0
08_045v	0
08_046r	0
08_046v	0
08_047r	0
08_047v	270
08_048r	0
08_048v	270
08_049r	0
08_049v	0
08_050r	0
08_050v	0
08_051r	0
08_051v	0
08_052r	0
08_052v	270
08_053r	0
08_053v	0
08_054r	0
08_054v	0
08_055r	0
08_055v	0
08_056r	0
08_056v	270
08_057r	0
08_057v	0
08_058r	0
08_058v	270
08_059r	0
08_059v	270
08_060r	0
08_060v	0
08_061r	0
08_061v	0
08_062r	0
08_062v	0
08_063r	0
08_063v	0
08_064r	0
08_064v	270
08_065r	0
08_065v	0
08_066r	0
08_066v	270
08_067r	0
08_067v	0
08_068r	0
08_068v	0
08_069r	0
08_069v	0
08_070r	0
08_070v	0
08_071r	0
08_071v	0
08_072r	0
08_072v	270
08_073r	0
08_073v	270
08_074r	0
08_074v	0
08_075r	0
08_075v	0
08_076r	0
08_076v	270
08_077r	0
08_077v	0
08_078r	0
08_078v	0
08_079r	0
08_079v	0
08_080r	0
08_080v	270
08_081r	0
08_081v	0
08_082r	0
08_082v	0
08_083r	0
08_083v	270
08_084r	0
08_084v	270
08_085r	0
08_085v	0
08_086r	0
08_086v	0
08_087r	0
08_087v	0
08_088r	0
08_088v	0
08_089r	0
08_089v	180
08_090r	0
08_090v	270
08_091r	0
08_091v	0
08_092r	0
08_092v	270
08_093r	0
08_093v	0
08_094r	0
08_094v	270
08_095r	0
08_095v	0
08_096r	0
08_096v	270
08_097r	0
08_097v	270
08_098r	0
08_098v	0
08_099r	0
08_099v	0
08_100r	0
08_100v	0
08_101r	0
08_101v	0
08_102r	0
08_102v	0
08_103r	0
08_103v	0
08_104r	0
08_104v	0
08_105r	0
08_105v	0
08_106r	0
08_106v	270
08_107r	0
08_107v	0
08_108r	0
08_108v	0
08_109r	0
08_109v	0
08_110r	0
08_110v	0
08_111r	0
08_111v	0
08_112r	0
08_112v	270
08_113r	0
08_113v	0
08_114r	0
08_114v	0
08_115r	0
08_115v	0
08_116r	0
08_116v	270
08_117r	0
08_117v	270
08_118r	0
08_118v	0
08_119r	0
08_119v	270
08_120r	0
08_120v	0
08_121r	0
08_121v	0
08_122r	0
08_122v	270
08_123r	0
08_123v	270
08_124r	0
08_124v	0
08_125r	0
08_125v	0
08_126r	0
08_126v	0
08_127r	0
08_127v	0
08_128r	0
08_128v	90
08_129r	0
08_129v	270
08_130r	0
08_130v	0
08_131r	0
08_131v	0
08_132r	0
08_132v	0
08_133r	0
08_133v	270
08_134r	0
08_134v	270
08_135r	0
08_135v	0
08_136r	0
08_136v	0
08_137r	0
08_137v	0
08_138r	0
08_138v	270
08_139r	0
08_139v	270
08_140r	0
08_140v	0
08_141r	0
08_141v	0
08_142r	0
08_142v	0
08_143r	0
08_143v	0
08_144r	0
08_144v	270
08_145r	0
08_145v	270
08_146r	0
08_146v	0
08_147r	0
08_147v	0
08_148r	0
08_148v	0
08_149r	0
08_149v	0
08_150r	0
08_150v	0
08_151r	0
08_151v	0
08_152r	0
08_152v	0
08_153r	0
08_153v	270
08_154r	0
08_154v	0
08_155r	0
08_155v	0
08_156r	0
08_156v	0
08_157r	0
08_157v	270
08_158r	0
08_158v	0
08_159r	0
08_159v	0
08_160r	0
08_160v	0
08_161r	0
08_161v	0
08_162r	0
08_162v	270
08_163r	0
08_163v	0
08_164r	0
08_164v	0
08_165r	0
08_165v	0
08_166r	0
08_166v	0
08_167r	0
08_167v	0
08_168r	0
08_168v	0
08_169r	0
08_169v	0
08_170r	0
08_170v	0
08_171r	0
08_171v	0
08_172r	0
08_172v	0
08_173r	0
08_173v	0
08_174r	0
08_174v	270
08_175r	0
08_175v	0
08_176r	0
08_176v	270
08_177r	0
08_177v	0
08_178r	0
08_178v	0
08_179r	0
08_179v	0
08_180r	0
08_180v	0
08_181r	0
08_181v	270
08_182r	0
08_182v	270
08_183r	0
08_183v	0
08_184r	0
08_184v	0
08_185r	0
08_185v	0
08_186r	0
08_186v	270
08_187r	0
08_187v	0
08_188r	0
08_188v	0
08_189r	0
08_189v	0
08_190r	0
08_190v	0
08_191r	0
08_191v	270
08_192r	0
08_192v	0
08_193r	0
08_193v	0
08_194r	0
08_194v	0
08_195r	0
08_195v	270
08_196r	0
08_196v	0
08_197r	0
08_197v	0
08_198r	0
08_198v	0
08_199r	0
08_199v	0
08_200r	0
08_200v	0
08_201r	0
08_201v	0
08_202r	0
08_202v	0
08_203r	0
08_203v	0
08_204r	0
08_204v	0
08_205r	0
08_205v	0
08_206r	0
08_206v	270
08_207r	0
08_207v	0
08_208r	0
08_208v	0
08_209r	0
08_209v	270
08_210r	0
08_210v	0
08_211r	0
08_211v	0
08_212r	0
08_212v	270
08_213r	0
08_213v	0
08_214r	0
08_214v	270
08_215r	0
08_215v	0
08_216r	0
08_216v	0
08_217r	0
08_217v	0
08_218r	0
08_218v	270
08_219r	0
08_219v	0
08_220r	0
08_220v	0
08_221r	0
08_221v	0
08_222r	0
08_222v	0
08_223r	0
08_223v	0
08_224r	0
08_224v	270
08_225r	0
08_225v	0
08_226r	0
08_226v	270
08_227r	0
08_227v	0
08_228r	0
08_228v	0
08_229r	0
08_229v	0
08_230r	0
08_230v	0
08_231r	0
08_231v	270
08_232r	0
08_232v	0
08_233r	0
08_233v	0
08_234r	0
08_234v	0
08_235r	0
08_235v	0
08_236r	0
08_236v	0
08_237r	0
08_237v	0
08_238r	0
08_238v	0
08_239r	0
08_239v	270
08_240r	0
08_240v	0
08_241r	0
08_241v	0
08_242r	0
08_242v	0
08_243r	0
08_243v	270
08_244r	0
08_244v	0
08_245r	0
08_245v	0
08_246r	0
08_246v	0
08_247r	0
08_247v	0
08_248r	0
08_248v	0
08_249r	0
08_249v	0
08_250r	0
08_250v	0
08_251r	0
08_251v	0
08_252r	0
08_252v	0
08_253r	0
08_253v	0
08_254r	0
08_254v	180
08_255r	0
08_255v	0
08_256r	0
08_256v	0
08_257r	0
08_257v	0
08_258r	0
08_258v	0
08_259r	0
08_259v	0
08_260r	0
08_260v	270
08_261r	0
08_261v	0
08_262r	0
08_262v	0
08_263r	0
08_263v	270
08_264r	0
08_264v	0
08_265r	0
08_265v	0
08_266r	0
08_266v	0
08_267r	0
08_267v	270
08_268r	0
08_268v	0
08_269r	0
08_269v	0
08_270r	0
08_270v	0
08_271r	0
08_271v	0
08_272r	0
08_272v	0
08_273r	0
08_273v	0
08_274r	0
08_274v	0
08_275r	0
08_275v	0
08_276r	0
08_276v	0
08_277r	0
08_277v	0
08_278r	0
08_278v	0
08_279r	0
08_279v	0
08_280r	0
08_280v	0
08_281r	0
08_281v	0
08_282r	0
08_282v	0
08_283r	0
08_283v	0
08_284r	0
08_284v	0
08_285r	0
08_285v	0
08_286r	0
08_286v	0
08_287r	0
08_287v	0
08_288r	0
08_288v	0
08_289r	0
08_289v	0
08_290r	0
08_290v	0
08_291r	0
08_291v	0
08_292r	0
08_292v	0
08_293r	0
08_293v	0
08_294r	0
08_294v	270
08_295r	0
08_295v	270
08_296r	0
08_296v	0
08_297r	0
08_297v	0
08_298r	0
08_298v	0
08_299r	0
08_299v	0
08_300r	0
08_300v	0
08_301r	0
08_301v	270
08_302r	0
08_302v	0
08_303r	0
08_303v	0
08_304r	0
08_304v	0
08_305r	0
08_305v	0
08_306r	0
08_306v	0
08_307r	0
08_307v	270
08_308r	0
08_308v	0
08_309r	0
08_309v	270
08_310r	0
08_310v	0
08_311r	0
08_311v	0
08_312r	0
08_312v	0
08_313r	0
08_313v	270
08_314r	0
08_314v	0
08_315r	0
08_315v	0
08_316r	0
08_316v	270
08_317r	0
08_317v	0
08_318r	0
08_318v	270
08_319r	0
08_319v	0
08_320r	0
08_320v	0
08_321r	0
08_321v	0
08_322r	0
08_322v	270
08_323r	0
08_323v	0
08_324r	0
08_324v	0
08_325r	0
08_325v	0
08_326r	0
08_326v	270
08_327r	0
08_327v	0
08_328r	0
08_328v	0
08_329r	0
08_329v	0
08_330r	0
08_330v	0
08_331r	0
08_331v	0
08_332r	0
08_332v	0
08_333r	0
08_333v	270
08_334r	0
08_334v	0
08_335r	0
08_335v	0
08_336r	0
08_336v	0
08_337r	0
08_337v	0
08_338r	0
08_338v	0
08_339r	0
08_339v	0
08_340r	0
08_340v	0
08_341r	0
08_341v	0
08_342r	0
08_342v	0
08_343r	0
08_343v	270
08_344r	0
08_344v	0
08_345r	0
08_345v	0
08_346r	0
08_346v	0
08_347r	0
08_347v	270
08_348r	0
08_348v	0
08_349r	0
08_349v	270
08_350r	0
08_350v	0
08_351r	0
08_351v	0
08_352r	0
08_352v	0
08_353r	0
08_353v	0
08_354r	0
08_354v	0
08_355r	0
08_355v	0
08_356r	0
08_356v	0
08_357r	0
08_357v	0
08_358r	0
08_358v	0
08_359r	0
08_359v	0
08_360r	0
08_360v	0
08_361r	0
08_361v	0
08_362r	0
08_362v	0
08_363r	0
08_363v	0
08_364r	0
08_364v	0
08_365r	0
08_365v	0
08_366r	0
08_366v	0
08_367r	0
08_367v	270
08_368r	0
08_368v	0
08_369r	0
08_369v	0
08_370r	0
08_370v	0
08_371r	0
08_371v	180
08_372r	0
08_372v	0
08_373r	0
08_373v	0
08_374r	0
08_374v	0
08_375r	0
08_375v	0
08_376r	0
08_376v	0
08_377r	0
08_377v	0
08_378r	0
08_378v	0
08_379r	0
08_379v	0
08_380r	0
08_380v	0
08_381r	0
08_381v	0
08_382r	0
08_382v	270
08_383r	0
08_383v	0
08_384r	0
08_384v	0
08_385r	0
08_385v	0
08_386r	0
08_386v	0
08_387r	0
08_387v	0
08_388r	0
08_388v	0
08_389r	0
08_389v	0
08_390r	0
08_390v	0
08_391r	0
08_391v	0
08_392r	0
08_392v	0
08_393r	0
08_393v	0
08_394r	0
08_394v	0
08_395r	0
08_395v	0
08_396r	0
08_396v	0
08_397r	0
08_397v	0
08_398r	0
08_398v	0
08_399r	0
08_399v	0
08_400r	0
08_400v	0
08_401r	0
08_401v	0
08_402r	0
08_402v	0
08_403r	0
08_403v	0
08_404r	0
08_404v	0
08_405r	0
08_405v	0
08_406r	0
08_406v	0
08_407r	0
08_407v	0
08_408r	0
08_408v	0
08_409r	0
08_409v	0
08_410r	0
08_410v	0
08_411r	0
08_411v	0
08_412r	0
08_412v	0
08_413r	0
08_413v	0
08_414r	0
08_414v	0
08_415r	0
08_415v	0
08_416r	0
08_416v	0
08_417r	0
08_417v	0
08_418r	0
08_418v	0
08_419r	0
08_419v	0
08_420r	0
08_420v	0
08_421r	0
08_421v	0
08_422r	0
08_422v	0
08_423r	0
08_423v	0
08_424r	0
08_424v	270
08_425r	0
08_425v	0
08_426r	0
08_426v	270
08_427r	0
08_427v	0
08_428r	0
08_428v	0
08_429r	0
08_429v	270
08_430r	0
08_430v	0
08_431r	0
08_431v	0
08_432r	0
08_432v	270
08_433r	270
08_433v	90
08_434r	0
08_434v	270
08_435r	0
08_435v	0
08_436r	0
08_436v	0
08_437r	0
08_437v	0
08_438r	0
08_438v	0
08_439r	0
08_439v	270
08_440r	0
08_440v	0
08_441r	0
08_441v	0
08_442r	0
08_442v	0
08_443r	0
08_443v	270
08_444r	0
08_444v	0
08_445r	0
08_445v	0
08_446r	0
08_446v	0
08_447r	0
08_447v	0
08_448r	0
08_448v	0
08_449r	0
08_449v	0
08_450r	0
08_450v	270
08_451r	0
08_451v	0
08_452r	0
08_452v	0
08_453r	0
08_453v	0
08_454r	0
08_454v	0
08_455r	0
08_455v	0
08_456r	0
08_456v	270
08_457r	0
08_457v	0
08_458r	0
08_458v	270
08_459r	0
08_459v	0
08_460r	0
08_460v	0
08_461r	0
08_461v	0
08_462r	0
08_462v	0
08_463r	0
08_463v	0
08_464r	0
08_464v	0
08_465r	0
08_465v	0
08_466r	0
08_466v	0
08_467r	0
08_467v	0
08_468r	0
08_468v	0
08_469r	0
08_469v	0
08_470r	0
08_470v	0
08_471r	0
08_471v	270
08_472r	0
08_472v	0
08_473r	0
08_473v	0
08_474r	0
08_474v	0
08_475r	0
08_475v	270
08_476r	0
08_476v	0
08_477r	0
08_477v	0
08_478r	0
08_478v	0
08_479r	0
08_479v	0
08_480r	0
08_480v	0
08_481r	0
08_481v	0
08_482r	0
08_482v	0
08_483r	0
08_483v	0
08_484r	0
08_484v	0
08_485r	0
08_485v	0
08_486r	0
08_486v	270
08_487r	0
08_487v	0
08_488r	0
08_488v	270
08_489r	0
08_489v	0
08_490r	0
08_490v	0
08_491r	0
08_491v	0
08_492r	0
08_492v	0
08_493r	0
08_493v	0
08_494r	0
08_494v	0
09_001r	0
09_001v	0
09_002r	0
09_002v	0
09_003r	0
09_003v	0
09_004r	0
09_004v	0
09_005r	0
09_005v	270
09_006r	0
09_006v	270
09_007r	0
09_007v	0
09_008r	0
09_008v	0
09_009r	0
09_009v	0
09_010r	0
09_010v	270
09_011r	0
09_011v	0
09_012r	0
09_012v	0
09_013r	0
09_013v	0
09_014r	0
09_014v	270
09_015r	0
09_015v	0
09_016r	0
09_016v	0
09_017r	0
09_017v	270
09_018r	0
09_018v	270
09_019r	0
09_019v	0
09_020r	0
09_020v	0
09_021r	0
09_021v	270
09_022r	0
09_022v	0
09_023r	0
09_023v	0
09_024r	0
09_024v	0
09_025r	0
09_025v	270
09_026r	0
09_026v	0
09_027r	0
09_027v	270
09_028r	0
09_028v	0
09_029r	0
09_029v	0
09_030r	0
09_030v	0
09_031r	0
09_031v	0
09_032r	0
09_032v	0
09_033r	0
09_033v	0
09_034r	0
09_034v	0
09_035r	0
09_035v	0
09_036r	0
09_036v	0
09_037r	0
09_037v	0
09_038r	0
09_038v	0
09_039r	0
09_039v	270
09_040r	0
09_040v	0
09_041r	0
09_041v	270
09_042r	0
09_042v	270
09_043r	0
09_043v	0
09_044r	0
09_044v	0
09_045r	0
09_045v	0
09_046r	0
09_046v	0
09_047r	0
09_047v	0
09_048r	0
09_048v	0
09_049r	0
09_049v	0
09_050r	0
09_050v	0
09_051r	0
09_051v	0
09_052r	0
09_052v	0
09_053r	0
09_053v	0
09_054r	0
09_054v	0
09_055r	0
09_055v	0
09_056r	0
09_056v	0
09_057r	0
09_057v	0
09_058r	0
09_058v	0
09_059r	0
09_059v	0
09_060r	0
09_060v	0
09_061r	0
09_061v	0
09_062r	0
09_062v	0
09_063r	0
09_063v	0
09_064r	0
09_064v	0
09_065r	0
09_065v	0
09_066r	0
09_066v	0
09_067r	0
09_067v	0
09_068r	0
09_068v	0
09_069r	0
09_069v	0
09_070r	0
09_070v	0
09_071r	0
09_071v	0
09_072r	0
09_072v	0
09_073r	0
09_073v	0
09_074r	0
09_074v	0
09_075r	0
09_075v	0
09_076r	0
09_076v	270
09_077r	0
09_077v	0
09_078r	0
09_078v	0
09_079r	0
09_079v	0
09_080r	0
09_080v	0
09_081r	0
09_081v	0
09_082r	0
09_082v	0
09_083r	0
09_083v	270
09_084r	0
09_084v	0
09_085r	0
09_085v	0
09_086r	0
09_086v	0
09_087r	0
09_087v	0
09_088r	0
09_088v	270
09_089r	0
09_089v	270
09_090r	0
09_090v	0
09_091r	0
09_091v	0
09_092r	0
09_092v	0
09_093r	0
09_093v	0
09_094r	0
09_094v	0
09_095r	0
09_095v	0
09_096r	0
09_096v	0
09_097r	0
09_097v	0
09_098r	0
09_098v	0
09_099r	0
09_099v	270
09_100r	0
09_100v	0
09_101r	0
09_101v	0
09_102r	0
09_102v	0
09_103r	0
09_103v	270
09_104r	0
09_104v	0
09_105r	0
09_105v	0
09_106r	0
09_106v	0
09_107r	0
09_107v	270
09_108r	0
09_108v	0
09_109r	0
09_109v	0
09_110r	0
09_110v	0
09_111r	0
09_111v	0
09_112r	0
09_112v	0
09_113r	0
09_113v	0
09_114r	0
09_114v	0
09_115r	0
09_115v	0
09_116r	0
09_116v	0
09_117r	0
09_117v	0
09_118r	0
09_118v	0
09_119r	0
09_119v	0
09_121r	0
09_121v	0
09_122r	0
09_122v	0
09_123r	0
09_123v	0
09_124r	0
09_124v	0
09_125r	0
09_125v	0
09_126r	0
09_126v	0
09_127r	0
09_127v	0
09_128r	0
09_128v	0
09_129r	0
09_129v	0
09_130r	0
09_130v	0
09_131r	0
09_131v	0
09_132r	0
09_132v	0
09_133r	0
09_133v	0
09_134r	0
09_134v	0
09_135r	0
09_135v	0
09_136r	0
09_136v	0
09_137r	0
09_137v	270
09_138r	0
09_138v	0
09_139r	0
09_139v	0
09_140r	0
09_140v	0
09_141r	0
09_141v	0
09_142r	0
09_142v	90
09_143r	0
09_143v	0
09_144r	0
09_144v	0
09_145r	0
09_145v	0
09_146r	0
09_146v	0
09_147r	0
09_147v	0
09_148r	0
09_148v	0
09_149r	0
09_149v	0
09_150r	0
09_150v	0
09_151r	0
09_151v	0
09_152r	0
09_152v	0
09_153r	0
09_153v	270
09_154r	0
09_154v	0
09_155r	0
09_155v	0
09_156r	0
09_156v	0
09_157r	0
09_157v	0
09_158r	0
09_158v	0
09_159r	0
09_159v	0
09_160r	0
09_160v	0
09_161r	0
09_161v	0
09_162r	0
09_162v	0
09_163r	0
09_163v	0
09_164r	0
09_164v	0
09_165r	0
09_165v	0
09_166r	0
09_166v	0
09_167r	0
09_167v	0
09_168r	0
09_168v	0
09_169r	0
09_169v	180
09_170r	0
09_170v	0
09_171r	0
09_171v	180
09_172r	0
09_172v	0
09_173r	0
09_173v	180
09_174r	0
09_174v	0
09_175r	0
09_175v	0
09_176r	0
09_176v	0
09_177r	0
09_177v	0
09_178r	0
09_178v	0
09_179r	0
09_179v	0
09_180r	0
09_180v	0
09_181r	0
09_181v	0
09_182r	0
09_182v	0
09_183r	0
09_183v	0
09_184r	0
09_184v	0
09_185r	0
09_185v	0
09_186r	0
09_186v	0
09_187r	0
09_187v	0
09_188r	0
09_188v	0
09_189r	0
09_189v	0
09_190r	0
09_190v	0
09_191r	0
09_191v	0
09_192r	0
09_192v	0
09_193r	0
09_193v	0
09_194r	0
09_194v	270
09_195r	0
09_195v	0
09_196r	0
09_196v	0
09_197r	0
09_197v	0
09_198r	0
09_198v	0
09_199r	0
09_199v	0
09_200r	0
09_200v	0
09_201r	0
09_201v	0
09_202r	0
09_202v	0
09_203r	0
09_203v	0
09_204r	0
09_204v	0
09_205r	0
09_205v	0
09_206r	0
09_206v	0
09_207r	0
09_207v	270
09_208r	0
09_208v	0
09_209r	0
09_209v	0
09_210r	0
09_210v	270
09_211r	0
09_211v	0
09_212r	0
09_212v	0
09_213r	0
09_213v	0
09_214r	0
09_214v	0
09_215r	0
09_215v	0
09_216r	0
09_216v	0
09_217r	0
09_217v	0
09_218r	0
09_218v	0
09_219r	0
09_219v	0
09_220r	0
09_220v	0
09_221r	0
09_221v	0
09_222r	0
09_222v	0
09_223r	0
09_223v	0
09_224r	0
09_224v	0
09_225r	0
09_225v	0
09_226r	0
09_226v	0
09_227r	0
09_227v	0
09_228r	0
09_228v	0
09_229r	0
09_229v	0
09_230r	0
09_230v	0
09_231r	0
09_231v	0
09_232r	0
09_232v	0
09_233r	0
09_233v	0
09_234r	0
09_234v	0
09_235r	0
09_235v	0
09_236r	0
09_236v	0
09_237r	0
09_237v	0
09_238r	0
09_238v	270
09_239r	0
09_239v	0
09_240r	0
09_240v	0
09_241r	0
09_241v	0
09_242r	0
09_242v	0
09_243r	0
09_243v	0
09_244r	0
09_244v	0
09_245r	0
09_245v	0
09_246r	0
09_246v	270
09_247r	0
09_247v	0
09_248r	0
09_248v	0
09_249r	0
09_249v	0
09_250r	0
09_250v	0
09_251r	0
09_251v	0
09_252r	0
09_252v	0
09_253r	0
09_253v	0
09_254r	0
09_254v	0
09_255r	0
09_255v	0
09_256r	0
09_256v	0
09_257r	0
09_257v	0
09_258r	0
09_258v	270
09_259r	0
09_259v	0
09_260r	0
09_260v	0
09_261r	0
09_261v	0
09_262r	0
09_262v	0
09_263r	0
09_263v	0
09_264r	0
09_264v	0
09_265r	0
09_265v	0
09_266r	0
09_266v	0
09_267r	0
09_267v	0
09_268r	0
09_268v	0
09_269r	0
09_269v	0
09_270r	0
09_270v	0
09_271r	0
09_271v	0
09_272r	0
09_272v	0
09_273r	0
09_273v	0
09_274r	0
09_274v	0
09_275r	0
09_275v	270
09_276r	0
09_276v	270
09_277r	0
09_277v	0
09_278r	0
09_278v	0
09_279r	0
09_279v	0
09_280r	0
09_280v	0
09_281r	0
09_281v	0
09_282r	0
09_282v	0
09_283r	0
09_283v	0
09_284r	0
09_284v	0
09_285r	0
09_285v	0
09_286r	0
09_286v	0
09_287r	0
09_287v	0
09_288r	0
09_288v	0
09_289r	0
09_289v	0
09_290r	0
09_290v	0
09_291r	0
09_291v	270
09_292r	0
09_292v	270
09_293r	0
09_293v	0
09_294r	0
09_294v	0
09_295r	0
09_295v	0
09_296r	0
09_296v	0
09_297r	0
09_297v	0
09_298r	0
09_298v	0
09_299r	0
09_299v	0
09_300r	0
09_300v	0
09_301r	0
09_301v	0
09_302r	0
09_302v	0
09_303r	0
09_303v	0
09_304r	0
09_304v	0
09_305r	0
09_305v	0
09_306r	0
09_306v	270
09_307r	0
09_307v	0
09_308r	0
09_308v	0
09_309r	0
09_309v	0
09_310r	0
09_310v	0
09_311r	0
09_311v	0
09_312r	0
09_312v	0
09_313r	0
09_313v	0
09_314r	0
09_314v	0
09_315r	0
09_315v	0
09_316r	0
09_316v	0
09_317r	0
09_317v	0
09_318r	0
09_318v	0
09_319r	0
09_319v	0
09_320r	0
09_320v	0
09_321r	0
09_321v	0
09_322r	0
09_322v	0
09_323r	0
09_323v	0
09_324r	0
09_324v	0
09_325r	0
09_325v	0
09_326r	0
09_326v	0
09_327r	0
09_327v	0
09_328r	0
09_328v	0
09_329r	0
09_329v	0
09_330r	0
09_330v	0
09_331r	0
09_331v	0
09_332r	0
09_332v	270
09_333r	0
09_333v	0
09_334r	0
09_334v	0
09_335r	0
09_335v	0
09_336r	0
09_336v	0
09_337r	0
09_337v	0
09_338r	0
09_338v	270
09_339r	0
09_339v	0
09_340r	0
09_340v	0
09_341r	0
09_341v	0
09_342r	0
09_342v	0
09_343r	0
09_343v	0
09_344r	0
09_344v	0
09_345r	0
09_345v	0
09_346r	0
09_346v	0
09_347r	0
09_347v	0
09_348r	0
09_348v	0
09_349r	0
09_349v	0
09_350r	0
09_350v	0
09_351r	0
09_351v	0
09_352r	0
09_352v	0
09_353r	0
09_353v	270
09_354r	0
09_354v	0
09_355r	0
09_355v	0
09_356r	0
09_356v	0
09_357r	0
09_357v	0
09_358r	0
09_358v	0
09_359r	0
09_359v	0
09_360r	0
09_360v	270
09_361r	0
09_361v	0
09_362r	0
09_362v	0
09_363r	0
09_363v	0
09_364r	0
09_364v	0
09_365r	0
09_365v	0
09_366r	0
09_366v	270
09_367r	0
09_367v	0
09_368r	0
09_368v	0
09_369r	0
09_369v	0
09_370r	0
09_370v	0
09_371r	0
09_371v	0
09_372r	0
09_372v	0
09_373r	0
09_373v	0
09_374r	0
09_374v	0
09_375r	0
09_375v	0
09_376r	0
09_376v	0
09_377r	0
09_377v	0
09_378r	0
09_378v	180
09_379r	0
09_379v	0
09_380r	0
09_380v	0
09_381r	0
09_381v	0
09_382r	0
09_382v	0
09_383r	0
09_383v	0
09_384r	0
09_384v	0
09_385r	0
09_385v	0
09_386r	0
09_386v	0
09_387r	0
09_387v	0
09_388r	0
09_388v	0
09_389r	0
09_389v	0
09_390r	0
09_390v	0
09_391r	0
09_391v	0
09_392r	0
09_392v	0
09_393r	0
09_393v	0
09_394r	0
09_394v	270
09_395r	0
09_395v	0
09_396r	0
09_396v	0
09_397r	0
09_397v	0
09_398r	0
09_398v	0
09_399r	0
09_399v	0
09_400r	0
09_400v	0
09_401r	0
09_401v	0
09_402r	0
09_402v	0
09_403r	0
09_403v	0
09_404r	0
09_404v	0
09_405r	0
09_405v	0
09_406bisr	0
09_406bisv	0
09_406r	0
09_406v	0
09_407r	0
09_407v	0
09_408r	0
09_408v	0
09_409r	0
09_409v	0
09_410r	0
09_410v	0
09_411r	0
09_411v	0
09_412r	0
09_412v	0
09_413r	0
09_413v	0
09_414r	0
09_414v	0
09_415r	0
09_415v	0
09_416r	0
09_416v	0
09_417r	0
09_417v	0
09_418r	0
09_418v	270
09_419r	0
09_419v	270
09_420r	0
09_420v	0
09_421r	0
09_421v	0
09_422r	0
09_422v	0
09_423r	0
09_423v	0
09_424r	0
09_424v	0
09_425r	0
09_425v	0
09_426r	0
09_426v	0
09_427r	0
09_427v	0
09_428r	0
09_428v	0
09_429r	0
09_429v	0
09_430r	0
09_430v	0
09_431r	0
09_431v	0
09_432r	0
09_432v	0
09_433r	0
09_433v	0
09_434r	0
09_434v	270
09_435r	0
09_435v	270
09_436r	0
09_436v	0
09_437r	0
09_437v	0
09_438r	0
09_438v	0
09_439r	0
09_439v	0
09_440r	0
09_440v	0
09_441r	0
09_441v	0
09_442r	0
09_442v	0
09_443r	0
09_443v	0
09_444r	0
09_444v	0
09_445r	0
09_445v	0
09_446r	0
09_446v	0
09_447r	0
09_447v	0
09_448r	0
09_448v	0
09_449r	0
09_449v	0
09_450r	0
09_450v	0
09_451r	0
09_451v	0
09_452r	0
09_452v	0
09_453r	0
09_453v	0
09_454r	0
09_454v	0
09_455r	0
09_455v	0
09_456r	0
09_456v	0
09_457r	0
09_457v	0
09_458r	0
09_458v	0
09_459r	0
09_459v	0
09_460r	0
09_460v	0
09_461r	0
09_461v	0
09_462r	0
09_462v	270
09_463r	0
09_463v	0
09_464r	0
09_464v	270
09_465r	0
09_465v	0
09_466r	0
09_466v	0
09_467r	0
09_467v	0
09_468r	0
09_468v	0
09_469r	0
09_469v	0
09_470r	0
09_470v	0
09_471r	0
09_471v	0
09_472r	0
09_472v	0
10_001r	0
10_001v	0
10_002r	0
10_002v	0
10_003r	0
10_003v	0
10_004r	0
10_004v	0
10_005r	0
10_005v	0
10_006r	0
10_006v	0
10_007r	0
10_007v	0
10_008r	0
10_008v	0
10_009r	0
10_009v	0
10_010r	0
10_010v	0
10_011r	0
10_011v	0
10_012r	0
10_012v	0
10_013r	0
10_013v	0
10_014r	0
10_014v	0
10_015r	0
10_015v	0
10_016r	0
10_016v	0
10_017r	0
10_017v	0
10_018r	0
10_018v	0
10_019r	0
10_019v	0
10_020r	0
10_020v	0
10_021r	0
10_021v	270
10_022r	0
10_022v	0
10_023r	0
10_023v	0
10_024r	0
10_024v	0
10_025r	0
10_025v	0
10_026r	0
10_026v	0
10_027r	0
10_027v	0
10_028r	0
10_028v	0
10_029r	0
10_029v	0
10_030r	0
10_030v	0
10_031r	0
10_031v	0
10_032r	0
10_032v	0
10_033r	0
10_033v	0
10_034r	0
10_034v	0
10_035r	0
10_035v	0
10_036r	0
10_036v	0
10_037r	0
10_037v	0
10_038r	0
10_038v	0
10_039r	0
10_039v	0
10_040r	0
10_040v	270
10_041r	0
10_041v	0
10_042r	0
10_042v	270
10_043r	0
10_043v	0
10_044r	0
10_044v	0
10_045r	0
10_045v	0
10_046r	0
10_046v	0
10_047r	0
10_047v	0
10_048r	0
10_048v	0
10_049r	0
10_049v	0
10_050r	0
10_050v	0
10_051r	0
10_051v	0
10_052r	0
10_052v	0
10_053r	0
10_053v	0
10_054r	0
10_054v	0
10_055r	0
10_055v	0
10_056r	0
10_056v	0
10_057r	0
10_057v	0
10_058r	0
10_058v	0
10_059r	0
10_059v	0
10_060r	0
10_060v	0
10_061r	0
10_061v	0
10_062r	0
10_062v	0
10_063r	0
10_063v	270
10_064r	0
10_064v	0
10_065r	0
10_065v	0
10_066r	0
10_066v	0
10_067r	0
10_067v	0
10_068r	0
10_068v	0
10_069r	0
10_069v	270
10_070r	0
10_070v	0
10_071r	0
10_071v	0
10_072r	0
10_072v	0
10_073r	0
10_073v	0
10_074r	0
10_074v	0
10_075r	0
10_075v	0
10_076r	0
10_076v	0
10_077r	0
10_077v	0
10_078r	0
10_078v	0
10_079r	0
10_079v	0
10_080r	0
10_080v	0
10_081r	0
10_081v	0
10_082r	0
10_082v	0
10_083r	0
10_083v	270
10_084r	0
10_084v	0
10_085r	0
10_085v	0
10_086r	0
10_086v	0
10_087r	0
10_087v	270
10_088r	0
10_088v	270
10_089r	0
10_089v	270
10_090r	0
10_090v	0
10_091r	0
10_091v	0
10_092r	0
10_092v	0
10_093r	0
10_093v	0
10_094r	0
10_094v	0
10_095r	0
10_095v	0
10_096r	0
10_096v	0
10_097r	0
10_097v	0
10_098r	0
10_098v	0
10_099r	0
10_099v	0
10_100r	0
10_100v	0
10_101r	0
10_101v	0
10_102r	0
10_102v	0
10_103r	0
10_103v	0
10_104r	0
10_104v	0
10_105r	0
10_105v	0
10_106r	0
10_106v	0
10_107r	0
10_107v	0
10_108r	0
10_108v	0
10_109r	0
10_109v	0
10_110r	0
10_110v	0
10_111r	0
10_111v	0
10_112r	0
10_112v	0
10_113r	0
10_113v	0
10_114r	0
10_114v	0
10_115r	0
10_115v	0
10_116r	0
10_116v	0
10_117r	0
10_117v	0
10_118r	0
10_118v	0
10_119r	0
10_119v	0
10_120r	0
10_120v	0
10_121r	0
10_121v	0
10_122r	0
10_122v	0
10_123r	0
10_123v	0
10_124r	0
10_124v	0
10_125r	0
10_125v	0
10_126r	0
10_126v	0
10_127r	0
10_127v	0
10_128r	0
10_128v	0
10_129r	0
10_129v	0
10_130r	0
10_130v	0
10_131r	0
10_131v	0
10_132r	0
10_132v	0
10_133r	0
10_133v	0
10_134r	0
10_134v	0
10_135r	0
10_135v	0
10_136r	0
10_136v	0
10_137r	0
10_137v	0
10_138r	0
10_138v	0
10_139r	0
10_139v	0
10_140r	0
10_140v	0
10_141r	0
10_141v	0
10_142r	0
10_142v	0
10_143r	0
10_143v	0
10_144r	0
10_144v	0
10_145r	0
10_145v	0
10_146r	0
10_146v	0
10_147r	0
10_147v	0
10_148r	0
10_148v	0
10_149r	0
10_149v	0
10_150r	0
10_150v	0
10_151r	0
10_151v	0
10_152r	0
10_152v	90
10_153r	0
10_153v	0
10_154r	0
10_154v	270
10_155r	0
10_155v	0
10_156r	0
10_156v	0
10_157r	0
10_157v	0
10_158r	0
10_158v	0
10_159r	0
10_159v	0
10_160r	0
10_160v	0
10_161r	0
10_161v	0
10_162r	0
10_162v	0
10_163r	0
10_163v	0
10_164r	0
10_164v	0
10_165r	0
10_165v	0
10_166r	0
10_166v	0
10_167r	0
10_167v	0
10_168r	0
10_168v	0
10_169r	0
10_169v	0
10_170r	0
10_170v	0
10_171r	0
10_171v	0
10_172r	0
10_172v	0
10_173r	0
10_173v	0
10_174r	0
10_174v	180
10_175r	0
10_175v	0
10_176r	0
10_176v	0
10_177r	0
10_177v	0
10_178r	0
10_178v	180
10_179r	0
10_179v	0
10_180r	0
10_180v	0
10_181r	0
10_181v	0
10_182r	0
10_182v	0
10_183r	0
10_183v	0
10_184r	0
10_184v	270
10_185r	0
10_185v	0
10_186r	0
10_186v	0
10_187r	0
10_187v	0
10_188r	0
10_188v	0
10_189r	0
10_189v	0
10_190r	0
10_190v	0
10_191r	0
10_191v	0
10_192r	0
10_192v	0
10_193r	0
10_193v	0
10_194r	0
10_194v	0
10_195r	0
10_195v	0
10_196r	0
10_196v	0
10_197r	0
10_197v	0
10_198r	0
10_198v	0
10_199r	0
10_199v	0
10_200r	0
10_200v	0
10_201r	0
10_201v	0
10_202r	0
10_202v	0
10_203r	0
10_203v	0
10_204r	0
10_204v	0
10_205r	0
10_205v	0
10_206r	0
10_206v	0
10_207r	0
10_207v	0
10_208r	0
10_208v	0
10_209r	0
10_209v	0
10_210r	0
10_210v	0
10_211r	0
10_211v	0
10_212r	0
10_212v	0
10_213r	0
10_213v	0
10_214r	0
10_214v	0
10_215r	0
10_215v	0
10_216r	0
10_216v	0
10_217r	0
10_217v	270
10_218r	0
10_218v	0
10_219r	0
10_219v	0
10_220r	0
10_220v	0
10_221r	0
10_221v	270
10_222r	0
10_222v	180
10_223r	0
10_223v	0
10_224r	0
10_224v	0
10_225r	0
10_225v	0
10_226r	0
10_226v	0
10_227r	0
10_227v	0
10_228r	0
10_228v	0
10_229r	0
10_229v	0
10_230r	0
10_230v	0
10_231r	0
10_231v	0
10_232r	0
10_232v	0
10_233r	0
10_233v	0
10_234r	0
10_234v	0
10_235r	0
10_235v	270
10_236r	0
10_236v	0
10_237r	0
10_237v	0
10_238r	0
10_238v	0
10_239r	0
10_239v	0
10_240r	0
10_240v	0
10_241r	0
10_241v	0
10_242r	0
10_242v	0
10_243r	0
10_243v	0
10_244r	0
10_244v	0
10_245r	0
10_245v	0
10_246r	0
10_246v	270
10_247r	0
10_247v	270
10_248r	0
10_248v	0
10_249r	0
10_249v	0
10_250r	0
10_250v	0
10_251r	0
10_251v	0
10_252r	0
10_252v	0
10_253r	0
10_253v	0
10_254r	0
10_254v	0
10_255r	0
10_255v	0
10_256r	0
10_256v	0
10_257r	0
10_257v	0
10_258r	0
10_258v	0
10_259r	0
10_259v	0
10_260r	0
10_260v	0
10_261r	0
10_261v	0
10_262r	0
10_262v	0
10_263r	0
10_263v	0
10_264r	0
10_264v	0
10_265r	0
10_265v	0
10_266r	0
10_266v	270
10_267r	0
10_267v	270
10_268r	0
10_268v	0
10_269r	0
10_269v	0
10_270r	0
10_270v	0
10_271r	0
10_271v	0
10_272r	0
10_272v	0
10_273r	0
10_273v	0
10_274r	0
10_274v	270
10_275r	0
10_275v	0
10_276r	0
10_276v	270
10_277r	0
10_277v	0
10_278r	0
10_278v	270
10_279r	0
10_279v	0
10_280r	0
10_280v	0
10_281r	0
10_281v	0
10_282r	0
10_282v	0
10_283r	0
10_283v	0
10_284r	0
10_284v	0
10_285r	0
10_285v	0
10_286r	0
10_286v	0
10_287r	0
10_287v	0
10_288r	0
10_288v	0
10_289r	0
10_289v	0
10_290r	0
10_290v	0
10_291r	0
10_291v	0
10_292r	0
10_292v	0
10_293r	0
10_293v	0
10_294r	0
10_294v	0
10_295r	0
10_295v	0
10_296r	0
10_296v	0
10_297r	0
10_297v	0
10_298r	0
10_298v	0
10_299r	0
10_299v	0
10_300r	0
10_300v	270
10_301r	0
10_301v	0
10_302r	0
10_302v	0
10_303r	0
10_303v	0
10_304r	0
10_304v	270
10_305r	0
10_305v	270
10_306r	0
10_306v	0
10_307r	0
10_307v	0
10_308r	0
10_308v	0
10_309r	0
10_309v	0
10_310r	0
10_310v	0
10_311r	0
10_311v	0
10_312r	0
10_312v	0
10_313r	0
10_313v	0
10_314r	0
10_314v	0
10_315r	0
10_315v	0
10_316r	0
10_316v	0
10_317r	0
10_317v	270
10_318r	0
10_318v	0
10_319r	0
10_319v	0
10_320r	0
10_320v	0
10_321r	0
10_321v	0
10_322r	0
10_322v	270
10_323r	0
10_323v	0
10_324r	0
10_324v	270
10_325r	0
10_325v	0
10_326r	0
10_326v	0
10_327r	0
10_327v	0
10_328r	0
10_328v	0
10_329r	0
10_329v	270
10_330r	0
10_330v	0
10_331r	0
10_331v	270
10_332r	0
10_332v	0
10_333r	0
10_333v	0
10_334r	0
10_334v	0
10_335r	0
10_335v	270
10_336r	0
10_336v	0
10_337r	0
10_337v	0
10_338r	0
10_338v	270
10_339r	0
10_339v	0
10_340r	0
10_340v	0
10_341r	0
10_341v	0
10_342r	0
10_342v	270
10_343r	0
10_343v	0
10_344r	0
10_344v	0
10_345r	0
10_345v	0
10_346r	0
10_346v	0
10_347r	0
10_347v	0
10_348r	0
10_348v	0
10_349r	0
10_349v	270
10_350r	0
10_350v	0
10_351r	0
10_351v	0
10_352r	0
10_352v	270
10_353r	0
10_353v	270
10_354r	0
10_354v	0
10_355r	0
10_355v	0
10_356r	0
10_356v	0
10_357r	0
10_357v	270
10_358r	0
10_358v	0
10_359r	0
10_359v	270
10_360r	0
10_360v	0
10_361r	0
10_361v	0
10_362r	0
10_362v	0
10_363r	0
10_363v	270
10_364r	0
10_364v	0
10_365r	0
10_365v	0
10_366r	0
10_366v	0
10_367r	0
10_367v	270
10_368r	0
10_368v	0
10_369r	0
10_369v	0
10_370r	0
10_370v	0
10_371r	0
10_371v	270
10_372r	0
10_372v	0
10_373r	0
10_373v	0
10_374r	0
10_374v	0
10_375r	0
10_375v	270
10_376r	0
10_376v	270
10_377r	0
10_377v	0
10_378r	0
10_378v	0
10_379r	0
10_379v	0
10_380r	0
10_380v	0
10_381r	0
10_381v	270
10_382r	0
10_382v	0
10_383r	0
10_383v	0
10_384r	0
10_384v	0
10_385r	0
10_385v	0
10_386r	0
10_386v	270
10_387r	0
10_387v	0
10_388r	0
10_388v	0
10_389r	0
10_389v	0
10_390r	0
10_390v	0
10_391r	0
10_391v	270
10_392r	0
10_392v	270
10_393r	0
10_393v	0
10_394r	0
10_394v	0
10_395r	0
10_395v	0
10_396r	0
10_396v	0
10_397r	0
10_397v	0
10_398r	0
10_398v	270
10_399r	0
10_399v	270
10_400r	0
10_400v	270
10_401r	0
10_401v	0
10_402r	0
10_402v	0
10_403r	0
10_403v	0
10_404r	0
10_404v	0
10_405r	0
10_405v	0
10_406r	0
10_406v	0
10_407r	0
10_407v	0
10_408r	0
10_408v	0
10_409r	0
10_409v	0
10_410r	0
10_410v	0
10_411r	0
10_411v	0
10_412r	0
10_412v	0
10_413r	0
10_413v	0
10_414r	0
10_414v	0
10_415r	0
10_415v	0
10_416r	0
10_416v	0
10_417r	0
10_417v	270
10_418r	0
10_418v	270
10_419r	0
10_419v	0
10_420r	0
10_420v	0
10_421r	0
10_421v	0
10_422r	0
10_422v	0
10_423r	0
10_423v	270
10_424r	0
10_424v	0
10_425r	0
10_425v	0
10_426r	0
10_426v	0
10_427r	0
10_427v	0
10_428r	0
10_428v	0
10_429r	0
10_429v	0
10_430r	0
10_430v	0
10_431r	0
10_431v	0
10_432r	0
10_432v	0
10_433r	0
10_433v	0
10_434r	0
10_434v	0
10_435r	0
10_435v	0
10_436r	0
10_436v	0
10_437r	0
10_437v	0
10_438r	0
10_438v	0
10_439r	0
10_439v	0
10_440r	0
10_440v	0
10_441r	0
10_441v	0
10_442r	0
10_442v	0
10_443r	0
10_443v	0
10_444r	0
10_444v	0
10_445r	0
10_445v	0
10_446r	0
10_446v	0
10_447r	0
10_447v	0
10_448r	0
10_448v	0
10_449r	0
10_449v	0
10_450r	0
10_450v	0
10_451r	0
10_451v	0
10_452r	0
10_452v	0
10_453r	0
10_453v	0
10_454r	0
10_454v	0
10_455r	0
10_455v	0
10_456r	0
10_456v	0
10_457r	0
10_457v	0
10_458r	0
10_458v	0
10_459r	0
10_459v	0
10_460r	0
10_460v	0
10_461r	0
10_461v	0
10_462r	0
10_462v	0
10_463r	0
10_463v	0
10_464r	0
10_464v	0
10_465r	0
10_465v	0
10_466r	0
10_466v	0
10_467r	0
10_467v	0
10_468r	0
10_468v	0
10_469r	0
10_469v	0
10_470r	0
10_470v	0
10_471r	0
10_471v	0
10_472r	0
10_472v	0
10_473r	0
10_473v	0
10_474r	0
10_474v	0
10_475r	0
10_475v	0
10_476r	0
10_476v	0
10_477r	0
10_477v	0
10_478r	0
10_478v	0
10_479r	0
10_479v	270
10_480r	0
10_480v	0
10_481r	0
10_481v	0
10_482r	0
10_482v	0
10_483r	0
10_483v	0
10_484r	0
10_484v	0
10_485r	0
10_485v	0
10_486r	0
10_486v	0
10_487r	0
10_487v	0
10_488r	0
10_488v	0
10_489r	0
10_489v	0
10_490r	0
10_490v	0
10_491r	0
10_491v	0
10_492r	0
10_492v	0
10_493r	0
10_493v	0
10_494r	0
10_494v	0
10_495r	0
10_495v	0
10_496r	0
10_496v	0
10_497r	0
10_497v	0
10_498r	0
10_498v	0
10_499r	0
10_499v	0
10_500r	0
10_500v	0
10_501r	0
10_501v	0
10_502r	0
10_502v	0
10_503r	0
10_503v	0
10_504r	0
10_504v	0
10_505r	0
10_505v	0
10_506r	0
10_506v	0
10_507r	0
10_507v	0
10_508r	0
10_508v	0
10_509r	0
10_509v	0
10_510r	0
10_510v	0
10_511r	0
10_511v	0
10_512r	0
10_512v	0
10_513r	0
10_513v	0
10_514r	0
10_514v	0
10_515r	0
10_515v	0
10_516r	0
10_516v	0
10_517r	0
10_517v	0
10_518r	0
10_518v	0
10_519r	0
10_519v	0
10_520r	0
10_520v	0
10_521r	0
10_521v	0
10_522r	0
10_522v	0
10_523r	0
10_523v	0
10_524r	0
10_524v	0
10_525r	0
10_525v	0
10_526r	0
10_526v	270
10_527r	0
10_527v	0
10_528r	0
10_528v	0
10_529r	0
10_529v	0
10_530r	0
10_530v	0
10_531r	0
10_531v	0
11_001r	0
11_001v	0
11_002r	0
11_002v	0
11_003r	0
11_003v	0
11_004r	0
11_004v	270
11_005r	0
11_005v	0
11_006r	0
11_006v	0
11_007r	0
11_007v	0
11_008r	0
11_008v	270
11_009r	0
11_009v	0
11_010r	0
11_010v	0
11_011r	0
11_011v	0
11_012r	0
11_012v	270
11_013r	0
11_013v	0
11_014r	0
11_014v	0
11_015r	0
11_015v	0
11_016r	0
11_016v	0
11_017r	0
11_017v	0
11_018r	0
11_018v	0
11_019r	0
11_019v	0
11_020r	0
11_020v	0
11_021r	0
11_021v	0
11_022r	0
11_022v	0
11_023r	0
11_023v	0
11_024r	0
11_024v	0
11_025r	0
11_025v	0
11_026r	0
11_026v	0
11_027r	0
11_027v	0
11_028r	0
11_028v	0
11_029r	0
11_029v	0
11_030r	0
11_030v	0
11_031r	0
11_031v	0
11_032r	0
11_032v	270
11_033r	0
11_033v	270
11_034r	0
11_034v	0
11_035r	0
11_035v	0
11_036r	0
11_036v	0
11_037r	0
11_037v	0
11_038r	0
11_038v	0
11_039r	0
11_039v	0
11_040r	0
11_040v	0
11_041r	0
11_041v	0
11_042r	0
11_042v	0
11_043r	0
11_043v	0
11_044r	0
11_044v	0
11_045r	0
11_045v	0
11_046r	0
11_046v	0
11_047r	0
11_047v	0
11_048r	0
11_048v	0
11_049r	0
11_049v	0
11_050r	0
11_050v	0
11_051r	0
11_051v	0
11_052r	0
11_052v	0
11_053r	0
11_053v	0
11_054r	0
11_054v	0
11_055r	0
11_055v	0
11_056r	0
11_056v	0
11_057r	0
11_057v	0
11_058r	0
11_058v	0
11_059r	0
11_059v	0
11_060r	0
11_060v	0
11_061r	0
11_061v	0
11_062r	0
11_062v	0
11_063r	0
11_063v	0
11_064r	0
11_064v	0
11_065r	0
11_065v	0
11_066r	0
11_066v	0
11_067r	0
11_067v	0
11_068r	0
11_068v	0
11_069r	0
11_069v	0
11_070r	0
11_070v	0
11_071r	0
11_071v	0
11_072r	0
11_072v	270
11_073r	0
11_073v	0
11_074r	0
11_074v	270
11_075r	0
11_075v	270
11_076r	0
11_076v	0
11_077r	0
11_077v	0
11_078r	0
11_078v	0
11_079r	0
11_079v	0
11_080r	0
11_080v	0
11_081r	0
11_081v	0
11_082r	0
11_082v	0
11_083r	0
11_083v	0
11_084r	0
11_084v	0
11_085r	0
11_085v	0
11_086r	0
11_086v	0
11_087r	0
11_087v	0
11_088r	0
11_088v	0
11_089r	0
11_089v	270
11_090r	0
11_090v	0
11_091r	0
11_091v	0
11_092r	0
11_092v	0
11_093r	0
11_093v	0
11_094r	0
11_094v	0
11_095r	0
11_095v	0
11_096r	0
11_096v	0
11_097r	0
11_097v	0
11_098r	0
11_098v	270
11_099r	0
11_099v	0
11_100r	0
11_100v	270
11_101r	0
11_101v	0
11_102r	0
11_102v	0
11_103r	0
11_103v	0
11_104r	0
11_104v	0
11_105r	0
11_105v	0
11_106r	0
11_106v	0
11_107r	0
11_107v	0
11_108r	0
11_108v	0
11_109r	0
11_109v	0
11_110r	0
11_110v	0
11_111r	0
11_111v	0
11_112r	0
11_112v	0
11_113r	0
11_113v	0
11_114r	0
11_114v	0
11_115r	0
11_115v	0
11_116r	0
11_116v	0
11_117r	0
11_117v	0
11_118r	0
11_118v	0
11_119r	0
11_119v	0
11_120r	0
11_120v	0
11_121r	0
11_121v	0
11_122r	0
11_122v	0
11_123r	0
11_123v	0
11_124r	0
11_124v	0
11_125r	0
11_125v	0
11_126r	0
11_126v	0
11_127r	0
11_127v	0
11_128r	0
11_128v	0
11_129r	0
11_129v	0
11_130r	0
11_130v	0
11_131r	0
11_131v	0
11_132r	0
11_132v	0
11_133r	0
11_133v	0
11_134r	0
11_134v	0
11_135r	0
11_135v	0
11_136r	0
11_136v	0
11_137r	0
11_137v	0
11_138r	0
11_138v	0
11_139r	0
11_139v	0
11_140r	0
11_140v	0
11_141r	0
11_141v	0
11_142r	0
11_142v	0
11_143r	0
11_143v	0
11_144r	0
11_144v	270
11_145r	0
11_145v	270
11_146r	0
11_146v	0
11_147r	0
11_147v	0
11_148r	0
11_148v	90
11_149r	0
11_149v	0
11_150r	0
11_150v	0
11_151r	0
11_151v	0
11_152r	0
11_152v	0
11_153r	0
11_153v	0
11_154r	0
11_154v	0
11_155r	0
11_155v	0
11_156r	0
11_156v	0
11_157r	0
11_157v	0
11_158r	0
11_158v	0
11_159r	0
11_159v	0
11_160r	0
11_160v	0
11_161r	0
11_161v	0
11_162r	0
11_162v	0
11_163r	0
11_163v	0
11_164r	0
11_164v	0
11_165r	0
11_165v	0
11_166r	0
11_166v	0
11_167r	0
11_167v	0
11_168r	0
11_168v	0
11_169r	0
11_169v	0
11_170r	0
11_170v	0
11_171r	0
11_171v	0
11_172r	0
11_172v	0
11_173r	0
11_173v	0
11_174r	0
11_174v	0
11_175r	0
11_175v	0
11_176r	0
11_176v	0
11_177r	0
11_177v	0
11_178r	0
11_178v	0
11_179r	0
11_179v	0
11_180r	0
11_180v	0
11_181r	0
11_181v	0
11_182r	0
11_182v	0
11_183r	0
11_183v	0
11_184r	0
11_184v	0
11_185r	0
11_185v	0
11_186r	0
11_186v	0
11_187r	0
11_187v	0
11_188r	0
11_188v	0
11_189r	0
11_189v	0
11_190r	0
11_190v	0
11_191r	0
11_191v	0
11_192r	0
11_192v	0
11_193r	0
11_193v	0
11_194r	0
11_194v	0
11_195r	0
11_195v	0
11_196r	0
11_196v	0
11_197r	0
11_197v	0
11_198r	0
11_198v	0
11_199r	0
11_199v	270
11_200r	0
11_200v	0
11_201r	0
11_201v	0
11_202r	0
11_202v	0
11_203r	0
11_203v	0
11_204r	0
11_204v	0
11_205r	0
11_205v	0
11_206r	0
11_206v	0
11_207r	0
11_207v	0
11_208r	0
11_208v	0
11_209r	0
11_209v	0
11_210r	0
11_210v	0
11_211r	0
11_211v	0
11_212r	0
11_212v	270
11_213r	0
11_213v	0
11_214r	0
11_214v	270
11_215r	0
11_215v	0
11_216r	0
11_216v	270
11_217r	0
11_217v	0
11_218r	0
11_218v	0
11_219r	0
11_219v	0
11_220r	0
11_220v	0
11_221r	0
11_221v	0
11_222r	0
11_222v	0
11_223r	0
11_223v	0
11_224r	0
11_224v	270
11_225r	0
11_225v	270
11_226r	0
11_226v	0
11_227r	0
11_227v	0
11_228r	0
11_228v	0
11_229r	0
11_229v	0
11_230r	0
11_230v	0
11_231r	0
11_231v	0
11_232r	0
11_232v	0
11_233r	0
11_233v	0
11_234r	0
11_234v	0
11_235r	0
11_235v	270
11_236r	0
11_236v	0
11_237r	0
11_237v	0
11_238r	0
11_238v	0
11_239r	0
11_239v	0
11_240r	0
11_240v	0
11_241r	0
11_241v	0
11_242r	0
11_242v	0
11_243r	0
11_243v	0
11_244r	0
11_244v	0
11_245r	0
11_245v	0
11_246r	0
11_246v	0
11_247r	0
11_247v	0
11_248r	0
11_248v	0
11_249r	0
11_249v	0
11_250r	0
11_250v	0
11_251r	0
11_251v	270
11_252r	0
11_252v	0
11_253r	0
11_253v	0
11_254r	0
11_254v	0
11_255r	0
11_255v	0
11_256r	0
11_256v	0
11_257r	0
11_257v	0
11_258r	0
11_258v	0
11_259r	0
11_259v	0
11_260r	0
11_260v	0
11_261r	0
11_261v	0
11_262r	0
11_262v	0
11_263r	0
11_263v	0
11_264r	0
11_264v	0
11_265r	0
11_265v	0
11_266r	0
11_266v	0
11_267r	0
11_267v	0
11_268r	0
11_268v	0
11_269r	0
11_269v	0
11_270r	0
11_270v	0
11_271r	0
11_271v	0
11_272r	0
11_272v	0
11_273r	0
11_273v	0
11_274r	0
11_274v	270
11_275r	0
11_275v	0
11_276r	0
11_276v	270
11_277r	0
11_277v	0
11_278r	0
11_278v	0
11_279r	0
11_279v	0
11_280r	0
11_280v	0
11_281r	0
11_281v	0
11_282r	0
11_282v	0
11_283r	0
11_283v	0
11_284r	0
11_284v	0
11_285r	0
11_285v	0
11_286r	0
11_286v	0
11_287r	0
11_287v	0
11_288r	0
11_288v	0
11_289r	0
11_289v	0
11_290r	0
11_290v	0
11_291r	0
11_291v	0
11_292r	0
11_292v	0
11_293r	0
11_293v	270
11_294r	0
11_294v	0
11_295r	0
11_295v	0
11_296r	0
11_296v	0
11_297r	0
11_297v	0
11_298r	0
11_298v	0
11_299r	0
11_299v	0
11_300r	0
11_300v	0
11_301r	0
11_301v	0
11_302r	0
11_302v	0
11_303r	0
11_303v	0
11_304r	0
11_304v	0
11_305r	0
11_305v	0
11_306r	0
11_306v	0
11_307r	0
11_307v	0
11_308r	0
11_308v	0
11_309r	0
11_309v	0
11_310r	0
11_310v	0
11_311r	0
11_311v	0
11_312r	0
11_312v	0
11_313r	0
11_313v	0
11_314r	0
11_314v	0
11_315r	0
11_315v	0
11_316r	0
11_316v	0
11_317r	0
11_317v	0
11_318r	0
11_318v	0
11_319r	0
11_319v	0
11_320r	0
11_320v	0
11_321r	0
11_321v	0
11_322r	0
11_322v	0
11_323r	0
11_323v	0
11_324r	0
11_324v	0
11_325r	0
11_325v	0
11_326r	0
11_326v	0
11_327r	0
11_327v	0
11_328r	0
11_328v	0
11_329r	0
11_329v	0
11_330r	0
11_330v	0
11_331r	0
11_331v	0
11_332r	0
11_332v	0
11_333r	0
11_333v	270
11_334r	0
11_334v	0
11_335r	0
11_335v	0
11_336r	0
11_336v	0
11_337r	0
11_337v	0
11_338r	0
11_338v	0
11_339r	0
11_339v	0
11_340r	0
11_340v	0
11_341r	0
11_341v	0
11_342r	0
11_342v	0
11_343r	0
11_343v	0
11_344r	0
11_344v	0
11_345r	0
11_345v	0
11_346r	0
11_346v	0
11_347r	0
11_347v	0
11_348r	0
11_348v	0
11_349r	0
11_349v	0
11_350r	0
11_350v	0
11_351r	0
11_351v	0
11_352r	0
11_352v	0
11_353r	0
11_353v	0
11_354r	0
11_354v	0
11_355r	0
11_355v	0
11_356r	0
11_356v	0
11_357r	0
11_357v	0
11_358r	0
11_358v	0
11_359r	0
11_359v	0
11_360r	0
11_360v	0
11_361r	0
11_361v	0
11_362r	0
11_362v	0
11_363r	0
11_363v	0
11_364r	0
11_364v	0
11_365r	0
11_365v	0
11_366r	0
11_366v	0
11_367r	0
11_367v	0
11_368r	0
11_368v	0
11_369r	0
11_369v	270
11_370r	0
11_370v	270
11_371r	0
11_371v	0
11_372r	0
11_372v	0
11_373r	0
11_373v	0
11_374r	0
11_374v	0
11_375r	0
11_375v	0
11_376r	0
11_376v	0
11_377r	0
11_377v	0
11_378r	0
11_378v	0
11_379r	0
11_379v	0
11_380r	0
11_380v	0
11_381r	0
11_381v	0
11_382r	0
11_382v	0
11_383r	0
11_383v	0
11_384r	0
11_384v	0
11_385r	0
11_385v	0
11_386r	0
11_386v	0
11_387r	0
11_387v	0
11_388r	0
11_388v	0
11_389r	0
11_389v	0
11_390r	0
11_390v	0
11_391r	0
11_391v	0
11_392r	0
11_392v	0
11_393r	0
11_393v	0
11_394r	0
11_394v	0
11_395r	0
11_395v	0
11_396r	0
11_396v	0
11_397r	0
11_397v	0
11_398r	0
11_398v	0
11_399r	0
11_399v	0
11_400r	0
11_400v	0
11_401r	0
11_401v	0
11_402r	0
11_402v	0
11_403r	0
11_403v	0
11_404r	0
11_404v	0
11_405r	0
11_405v	0
11_406r	0
11_406v	0
11_407r	0
11_407v	0
11_408r	0
11_408v	0
11_409r	0
11_409v	0
11_410r	0
11_410v	0
11_411r	0
11_411v	0
11_412r	0
11_412v	0
11_413r	0
11_413v	0
11_414r	0
11_414v	0
11_415r	0
11_415v	0
11_416r	0
11_416v	180
11_417r	0
11_417v	0
11_418r	0
11_418v	0
11_419r	0
11_419v	0
11_420r	0
11_420v	0
11_421r	0
11_421v	0
11_422r	0
11_422v	0
11_423r	0
11_423v	0
11_424r	0
11_424v	0
11_425r	0
11_425v	0
11_426r	0
11_426v	0
11_427r	0
11_427v	0
11_428r	0
11_428v	0
11_429r	0
11_429v	0
11_430r	0
11_430v	0
11_431r	0
11_431v	0
11_432r	0
11_432v	0
11_433r	0
11_433v	0
11_434r	0
11_434v	0
11_435r	0
11_435v	0
11_436r	0
11_436v	0
11_437r	0
11_437v	0
11_438r	0
11_438v	0
11_439r	0
11_439v	0
11_440r	0
11_440v	0
11_441r	0
11_441v	0
11_442r	0
11_442v	0
11_443r	0
11_443v	0
11_444r	0
11_444v	0
11_445r	0
11_445v	0
11_446r	0
11_446v	0
11_447r	0
11_447v	0
11_448r	0
11_448v	0
11_449r	0
11_449v	0
11_450r	0
11_450v	0
11_451r	0
11_451v	0
11_452r	0
11_452v	0
11_453r	0
11_453v	0
11_454r	0
11_454v	0
11_455r	0
11_455v	0
11_456r	0
11_456v	0
11_457r	0
11_457v	0
11_458r	0
11_458v	0
11_459r	0
11_459v	0
11_460r	0
11_460v	0
11_461r	0
11_461v	0
11_462r	0
11_462v	0
11_463r	0
11_463v	0
11_464r	0
11_464v	0
11_465r	0
11_465v	0
11_466r	0
11_466v	0
11_467r	0
11_467v	0
11_468r	0
11_468v	270
11_469r	0
11_469v	270
11_470r	0
11_470v	0
11_471r	0
11_471v	0
11_472r	0
11_472v	0
11_473r	0
11_473v	0
11_474r	0
11_474v	0
11_475r	0
11_475v	0
11_476r	0
11_476v	0
11_477r	0
11_477v	0
11_478r	0
11_478v	0
11_479r	0
11_479v	0
11_480r	0
11_480v	0
11_481r	0
11_481v	0
11_482r	0
11_482v	0
11_483r	0
11_483v	0
11_484r	0
11_484v	0
11_485r	0
11_485v	0
11_486r	0
11_486v	0
11_487r	0
11_487v	0
11_488r	0
11_488v	0
11_489r	0
11_489v	0
11_490r	0
11_490v	0
11_491r	0
11_491v	0
11_492r	0
11_492v	0
11_493r	0
11_493v	0
11_494r	0
11_494v	0
11_495r	0
11_495v	0
11_496r	0
11_496v	0
11_497r	0
11_497v	0
11_498r	0
11_498v	0
11_499r	0
11_499v	0
11_500r	0
11_500v	0
11_501r	0
11_501v	270
11_502r	0
11_502v	270
11_503r	0
11_503v	0
11_504r	0
11_504v	0
11_505r	0
11_505v	0
11_506r	0
11_506v	0
11_507r	0
11_507v	0
11_508r	0
11_508v	270
11_509r	0
11_509v	0
11_510r	0
11_510v	270
11_511r	0
11_511v	0
11_512r	0
11_512v	0
11_513r	0
11_513v	0
11_514r	0
11_514v	0
11_515r	0
11_515v	0
11_516r	0
11_516v	270
11_517r	0
11_517v	270
11_518r	0
11_518v	0
11_519r	0
11_519v	0
11_520r	0
11_520v	0
11_521r	0
11_521v	0
11_522r	0
11_522v	0
11_523r	0
11_523v	0
11_524r	0
11_524v	0
11_525r	0
11_525v	0
11_526r	0
11_526v	0
11_527r	0
11_527v	0
11_528r	0
11_528v	0
11_529r	0
11_529v	0
11_530r	0
11_530v	0
11_531r	0
11_531v	0
11_532r	0
11_532v	0
11_533r	0
11_533v	0
11_534r	0
11_534v	0
11_535r	0
11_535v	0
11_536r	0
11_536v	0
11_537r	0
11_537v	0
11_538r	0
11_538v	0
11_539r	0
11_539v	0
11_540r	0
11_540v	0
11_541r	0
11_541v	0
11_542r	0
11_542v	0
11_543r	0
11_543v	0
11_544r	0
11_544v	0
11_545r	0
11_545v	0
11_546r	0
11_546v	0
11_547r	0
11_547v	270
11_548r	0
11_548v	0
11_549r	0
11_549v	0
11_550r	0
11_550v	0
11_551r	0
11_551v	0
11_552r	0
11_552v	0
11_553r	0
11_553v	0
11_554r	0
11_554v	0
11_555r	0
11_555v	0
11_556r	0
11_556v	0
11_557r	0
11_557v	0
11_558r	0
11_558v	0
12_001r	0
12_001v	0
12_002r	0
12_002v	0
12_003r	0
12_003v	0
12_004r	0
12_004v	0
12_005r	0
12_005v	0
12_006r	0
12_006v	0
12_007r	0
12_007v	0
12_008r	0
12_008v	0
12_009r	0
12_009v	0
12_010r	0
12_010v	0
12_011r	0
12_011v	0
12_012r	0
12_012v	0
12_013r	0
12_013v	0
12_014r	0
12_014v	0
12_015r	0
12_015v	0
12_016r	0
12_016v	0
12_017r	0
12_017v	0
12_018r	0
12_018v	0
12_019r	0
12_019v	0
12_020r	0
12_020v	270
12_021r	0
12_021v	0
12_022r	0
12_022v	0
12_023r	0
12_023v	0
12_024r	0
12_024v	270
12_025r	0
12_025v	0
12_026r	0
12_026v	0
12_027r	0
12_027v	0
12_028r	0
12_028v	0
12_029r	0
12_029v	0
12_030r	0
12_030v	0
12_031r	0
12_031v	0
12_032r	0
12_032v	0
12_033r	0
12_033v	0
12_034r	0
12_034v	0
12_035r	0
12_035v	270
12_036r	0
12_036v	0
12_037r	0
12_037v	0
12_038r	0
12_038v	0
12_039r	0
12_039v	0
12_040r	0
12_040v	0
12_041r	0
12_041v	0
12_042r	0
12_042v	0
12_043r	0
12_043v	0
12_044r	0
12_044v	270
12_045r	0
12_045v	0
12_046r	0
12_046v	0
12_047r	0
12_047v	270
12_048r	0
12_048v	0
12_049r	0
12_049v	0
12_050r	0
12_050v	0
12_051r	0
12_051v	0
12_052r	0
12_052v	0
12_053r	0
12_053v	0
12_054r	0
12_054v	0
12_055r	0
12_055v	0
12_056r	0
12_056v	0
12_057r	0
12_057v	270
12_058r	0
12_058v	0
12_059r	0
12_059v	0
12_060r	0
12_060v	0
12_061r	0
12_061v	270
12_062r	0
12_062v	0
12_063r	0
12_063v	0
12_064r	0
12_064v	0
12_065r	0
12_065v	270
12_066r	0
12_066v	0
12_067r	0
12_067v	0
12_068r	0
12_068v	0
12_069r	0
12_069v	0
12_070r	0
12_070v	0
12_071r	0
12_071v	0
12_072r	0
12_072v	0
12_073r	0
12_073v	0
12_074r	0
12_074v	0
12_075r	0
12_075v	0
12_076r	0
12_076v	0
12_077r	0
12_077v	270
12_078r	0
12_078v	0
12_079r	0
12_079v	0
12_080r	0
12_080v	0
12_081r	0
12_081v	0
12_082r	0
12_082v	0
12_083r	0
12_083v	0
12_084r	0
12_084v	0
12_085r	0
12_085v	0
12_086r	0
12_086v	0
12_087r	0
12_087v	0
12_088r	0
12_088v	0
12_089r	0
12_089v	0
12_090r	0
12_090v	0
12_091r	0
12_091v	0
12_092r	0
12_092v	0
12_093r	0
12_093v	0
12_094r	0
12_094v	0
12_095r	0
12_095v	0
12_096r	0
12_096v	0
12_097r	0
12_097v	0
12_098r	0
12_098v	0
12_099r	0
12_099v	0
12_100r	0
12_100v	0
12_101r	0
12_101v	0
12_102r	0
12_102v	270
12_103r	0
12_103v	0
12_104r	0
12_104v	0
12_105r	0
12_105v	0
12_106r	0
12_106v	0
12_107r	0
12_107v	0
12_108r	0
12_108v	0
12_109r	0
12_109v	270
12_110r	0
12_110v	0
12_111r	0
12_111v	0
12_112r	0
12_112v	0
12_113r	0
12_113v	0
12_114r	0
12_114v	0
12_115r	0
12_115v	0
12_116r	0
12_116v	0
12_117r	0
12_117v	0
12_118r	0
12_118v	0
12_119r	0
12_119v	0
12_120r	0
12_120v	0
12_121r	0
12_121v	0
12_122r	0
12_122v	0
12_123r	0
12_123v	0
12_124r	0
12_124v	270
12_125r	0
12_125v	270
12_126r	0
12_126v	0
12_127r	0
12_127v	0
12_128r	0
12_128v	0
12_129r	0
12_129v	0
12_130r	0
12_130v	0
12_131r	0
12_131v	270
12_132r	0
12_132v	0
12_133r	0
12_133v	0
12_134r	0
12_134v	0
12_135r	0
12_135v	270
12_136r	0
12_136v	0
12_137r	0
12_137v	0
12_138r	0
12_138v	0
12_139r	0
12_139v	0
12_140r	0
12_140v	0
12_141r	0
12_141v	0
12_142r	0
12_142v	0
12_143r	0
12_143v	0
12_144r	0
12_144v	0
12_145r	0
12_145v	0
12_146r	0
12_146v	0
12_147r	0
12_147v	0
12_148r	0
12_148v	0
12_149r	0
12_149v	0
12_150r	0
12_150v	0
12_151r	0
12_151v	270
12_152r	0
12_152v	0
12_153r	0
12_153v	270
12_154r	0
12_154v	0
12_155r	0
12_155v	0
12_156r	0
12_156v	0
12_157r	0
12_157v	0
12_158r	0
12_158v	0
12_159r	0
12_159v	0
12_160r	0
12_160v	0
12_161r	0
12_161v	270
12_162r	0
12_162v	0
12_163r	0
12_163v	0
12_164r	0
12_164v	0
12_165r	0
12_165v	270
12_166r	0
12_166v	0
12_167r	0
12_167v	0
12_168r	0
12_168v	0
12_169r	0
12_169v	270
12_170r	0
12_170v	0
12_171r	0
12_171v	0
12_172r	0
12_172v	0
12_173r	0
12_173v	270
12_174r	0
12_174v	0
12_175r	0
12_175v	0
12_176r	0
12_176v	0
12_177r	0
12_177v	0
12_178r	0
12_178v	0
12_179r	0
12_179v	0
12_180r	0
12_180v	0
12_181r	0
12_181v	0
12_182r	0
12_182v	0
12_183r	0
12_183v	270
12_184r	0
12_184v	0
12_185r	0
12_185v	0
12_186r	0
12_186v	0
12_187r	0
12_187v	0
12_188r	0
12_188v	0
12_189r	0
12_189v	270
12_190r	0
12_190v	0
12_191r	0
12_191v	0
12_192r	0
12_192v	0
12_193r	0
12_193v	270
12_194r	0
12_194v	0
12_195r	0
12_195v	0
12_196r	0
12_196v	0
12_197r	0
12_197v	0
12_198r	0
12_198v	0
12_199r	0
12_199v	0
12_200r	0
12_200v	0
12_201r	0
12_201v	270
12_202r	0
12_202v	0
12_203r	0
12_203v	0
12_204r	0
12_204v	0
12_205r	0
12_205v	0
12_206r	0
12_206v	0
12_207r	0
12_207v	0
12_208r	0
12_208v	0
12_209r	0
12_209v	0
12_210r	0
12_210v	0
12_211r	0
12_211v	270
12_212r	0
12_212v	270
12_213r	0
12_213v	270
12_214r	0
12_214v	0
12_215r	0
12_215v	0
12_216r	0
12_216v	0
12_217r	0
12_217v	0
12_218r	0
12_218v	0
12_219r	0
12_219v	0
12_220r	0
12_220v	0
12_221r	0
12_221v	0
12_222r	0
12_222v	0
12_223r	0
12_223v	0
12_224r	0
12_224v	270
12_225r	0
12_225v	270
12_226r	0
12_226v	0
12_227r	0
12_227v	0
12_228r	0
12_228v	0
12_229r	0
12_229v	270
12_230r	0
12_230v	0
12_231r	0
12_231v	0
12_232r	0
12_232v	0
12_233r	0
12_233v	0
12_234r	0
12_234v	0
12_235r	0
12_235v	270
12_236r	0
12_236v	0
12_237r	0
12_237v	0
12_238r	0
12_238v	0
12_239r	0
12_239v	0
12_240r	0
12_240v	0
12_241r	0
12_241v	0
12_242r	0
12_242v	0
12_243r	0
12_243v	0
12_244r	0
12_244v	0
12_245r	0
12_245v	0
12_246r	0
12_246v	0
12_247r	0
12_247v	0
12_248r	0
12_248v	0
12_249r	0
12_249v	0
12_250r	0
12_250v	0
12_251r	0
12_251v	0
12_252r	0
12_252v	0
12_253r	0
12_253v	0
12_254r	0
12_254v	0
12_255r	0
12_255v	0
12_256r	0
12_256v	0
12_257r	0
12_257v	0
12_258r	0
12_258v	0
12_259r	0
12_259v	0
12_260r	0
12_260v	0
12_261r	0
12_261v	0
12_262r	0
12_262v	0
12_263r	0
12_263v	270
12_264r	0
12_264v	0
12_265r	0
12_265v	0
12_266r	0
12_266v	0
12_267r	0
12_267v	0
12_268r	0
12_268v	0
12_269r	0
12_269v	0
12_270r	0
12_270v	0
12_271r	0
12_271v	0
12_272r	0
12_272v	0
12_273r	0
12_273v	270
12_274r	0
12_274v	0
12_275r	0
12_275v	270
12_276r	0
12_276v	0
12_277r	0
12_277v	0
12_279r	0
12_279v	0
12_280r	0
12_280v	0
12_281r	270
12_281v	270
12_282r	0
12_282v	0
12_283r	0
12_283v	0
12_284r	0
12_284v	0
12_285r	0
12_285v	0
12_286r	0
12_286v	0
12_287r	0
12_287v	0
12_288r	0
12_288v	0
12_289r	0
12_289v	0
12_290r	0
12_290v	0
12_291r	0
12_291v	0
12_292r	0
12_292v	0
12_293r	0
12_293v	0
12_294r	0
12_294v	0
12_295r	0
12_295v	270
12_296r	0
12_296v	0
12_297r	0
12_297v	0
12_298r	0
12_298v	0
12_299r	0
12_299v	270
12_300r	0
12_300v	0
12_301r	0
12_301v	0
12_302r	0
12_302v	0
12_303r	0
12_303v	0
12_304r	0
12_304v	0
12_305r	0
12_305v	0
12_306r	0
12_306v	0
12_307r	0
12_307v	0
12_308r	0
12_308v	0
12_309r	0
12_309v	0
12_310r	0
12_310v	0
12_311r	0
12_311v	270
12_312r	0
12_312v	0
12_313r	0
12_313v	0
12_314r	0
12_314v	0
12_315r	0
12_315v	0
12_316r	0
12_316v	270
12_317r	0
12_317v	0
12_318r	0
12_318v	0
12_319r	0
12_319v	0
12_320r	0
12_320v	0
12_321r	0
12_321v	0
12_322r	0
12_322v	0
12_323r	0
12_323v	0
12_324r	0
12_324v	0
12_325r	0
12_325v	0
12_326r	0
12_326v	0
12_327r	0
12_327v	0
12_328r	0
12_328v	0
12_329r	0
12_329v	270
12_330r	0
12_330v	0
12_331r	0
12_331v	0
12_332r	0
12_332v	0
12_333r	0
12_333v	0
12_334r	0
12_334v	0
12_335r	0
12_335v	0
12_336r	0
12_336v	0
12_337r	0
12_337v	0
12_338r	0
12_338v	0
12_339r	0
12_339v	270
12_340r	0
12_340v	0
12_341r	0
12_341v	0
12_342r	0
12_342v	0
12_343r	0
12_343v	270
12_344r	0
12_344v	0
12_345r	0
12_345v	0
12_346r	0
12_346v	0
12_347r	0
12_347v	0
12_348r	0
12_348v	0
12_349r	0
12_349v	0
12_350r	0
12_350v	0
12_351r	0
12_351v	0
12_352r	0
12_352v	0
12_353r	0
12_353v	0
12_354r	0
12_354v	0
12_355r	0
12_355v	270
12_356r	0
12_356v	0
12_357r	0
12_357v	0
12_358r	0
12_358v	0
12_359r	0
12_359v	0
12_360r	0
12_360v	0
12_361r	0
12_361v	0
12_362r	0
12_362v	0
12_363r	0
12_363v	0
12_364r	0
12_364v	0
12_365r	0
12_365v	270
12_366r	0
12_366v	0
12_367r	0
12_367v	270
12_368r	0
12_368v	0
12_369r	0
12_369v	0
12_370r	0
12_370v	0
12_371r	0
12_371v	270
12_372r	0
12_372v	0
12_373r	0
12_373v	0
12_374r	0
12_374v	0
12_375r	0
12_375v	0
12_376r	0
12_376v	0
12_377r	0
12_377v	270
12_378r	0
12_378v	0
12_379r	0
12_379v	0
12_380r	0
12_380v	0
12_381r	0
12_381v	0
12_382r	0
12_382v	0
12_383r	0
12_383v	0
12_384r	0
12_384v	0
12_385r	0
12_385v	0
12_386r	0
12_386v	0
12_387r	0
12_387v	270
12_388r	0
12_388v	0
12_389r	0
12_389v	0
12_390r	0
12_390v	0
12_391r	0
12_391v	0
12_392r	0
12_392v	0
12_393r	0
12_393v	0
12_394r	0
12_394v	0
12_395r	0
12_395v	0
12_396r	0
12_396v	0
12_397r	0
12_397v	0
12_398r	0
12_398v	0
12_399r	0
12_399v	270
12_400r	0
12_400v	0
12_401r	0
12_401v	0
12_402r	0
12_402v	0
12_403r	0
12_403v	0
12_404r	0
12_404v	0
12_405r	0
12_405v	270
12_406r	0
12_406v	0
12_407r	0
12_407v	0
12_408r	0
12_408v	0
12_409r	0
12_409v	0
12_410r	0
12_410v	0
12_411r	0
12_411v	0
12_412r	0
12_412v	0
12_413r	0
12_413v	270
12_414r	0
12_414v	0
12_415r	0
12_415v	0
12_416r	0
12_416v	0
12_417r	0
12_417v	0
12_418r	0
12_418v	0
12_419r	0
12_419v	270
12_420r	0
12_420v	0
12_421r	0
12_421v	0
12_422r	0
12_422v	0
12_423r	0
12_423v	0
12_424r	0
12_424v	0
12_425r	0
12_425v	0
12_426r	0
12_426v	270
12_427r	0
12_427v	0
12_428r	0
12_428v	0
12_429r	0
12_429v	0
12_430r	0
12_430v	0
12_431r	0
12_431v	0
12_432r	0
12_432v	0
12_433r	0
12_433v	0
12_434r	0
12_434v	270
12_435r	0
12_435v	270
12_436r	0
12_436v	0
12_437r	0
12_437v	0
12_438r	0
12_438v	0
12_439r	0
12_439v	0
12_440r	0
12_440v	270
12_441r	0
12_441v	0
12_442r	0
12_442v	270
12_443r	0
12_443v	0
12_444r	0
12_444v	0
12_445r	0
12_445v	0
12_446r	0
12_446v	0
12_447r	0
12_447v	0
12_448r	0
12_448v	270
12_449r	0
12_449v	0
12_450r	0
12_450v	0
12_451r	0
12_451v	0
12_452r	0
12_452v	0
12_453r	0
12_453v	0
12_454r	0
12_454v	0
12_455r	0
12_455v	0
12_456r	0
12_456v	0
12_457r	0
12_457v	0
12_458r	0
12_458v	0
12_459r	0
12_459v	0
12_460r	0
12_460v	0
12_461r	0
12_461v	0
12_462r	0
12_462v	0
12_463r	0
12_463v	0
12_464r	0
12_464v	0
12_465r	0
12_465v	0
